{
    "foreground_intensity_properties_per_channel": {
        "0": {
            "max": 3655.76318359375,
            "mean": 646.6482543945312,
            "median": 580.7396240234375,
            "min": 0.0,
            "percentile_00_5": 109.42443828582763,
            "percentile_99_5": 2002.3349609375,
            "std": 324.012451171875
        }
    },
    "median_relative_size_after_cropping": 0.1797810196876526,
    "shapes_after_crop": [
        [
            164,
            187,
            157
        ],
        [
            201,
            239,
            198
        ],
        [
            190,
            210,
            162
        ],
        [
            166,
            191,
            158
        ],
        [
            136,
            185,
            162
        ],
        [
            144,
            194,
            167
        ],
        [
            145,
            155,
            143
        ],
        [
            236,
            254,
            222
        ],
        [
            181,
            221,
            176
        ],
        [
            181,
            199,
            165
        ],
        [
            166,
            184,
            139
        ],
        [
            183,
            206,
            164
        ],
        [
            145,
            144,
            114
        ],
        [
            129,
            152,
            126
        ],
        [
            134,
            142,
            117
        ],
        [
            190,
            207,
            180
        ],
        [
            172,
            213,
            188
        ],
        [
            118,
            129,
            104
        ],
        [
            199,
            174,
            163
        ],
        [
            178,
            187,
            151
        ],
        [
            188,
            211,
            180
        ],
        [
            177,
            200,
            164
        ],
        [
            231,
            222,
            194
        ],
        [
            178,
            207,
            177
        ],
        [
            156,
            178,
            158
        ],
        [
            180,
            231,
            213
        ],
        [
            216,
            210,
            190
        ],
        [
            173,
            198,
            172
        ],
        [
            144,
            166,
            147
        ],
        [
            189,
            193,
            176
        ],
        [
            138,
            175,
            139
        ],
        [
            105,
            101,
            98
        ],
        [
            96,
            100,
            84
        ],
        [
            111,
            115,
            101
        ],
        [
            123,
            129,
            113
        ],
        [
            128,
            132,
            111
        ],
        [
            127,
            109,
            94
        ],
        [
            146,
            145,
            143
        ],
        [
            148,
            155,
            131
        ],
        [
            88,
            101,
            88
        ],
        [
            72,
            90,
            76
        ],
        [
            103,
            132,
            110
        ],
        [
            82,
            98,
            80
        ],
        [
            99,
            107,
            83
        ],
        [
            86,
            88,
            94
        ],
        [
            154,
            156,
            136
        ],
        [
            99,
            125,
            104
        ],
        [
            98,
            120,
            110
        ],
        [
            72,
            85,
            75
        ],
        [
            150,
            156,
            143
        ],
        [
            175,
            169,
            171
        ],
        [
            90,
            101,
            91
        ],
        [
            91,
            100,
            91
        ],
        [
            101,
            111,
            106
        ],
        [
            81,
            98,
            84
        ],
        [
            101,
            113,
            97
        ],
        [
            87,
            106,
            90
        ],
        [
            147,
            164,
            131
        ],
        [
            91,
            98,
            93
        ],
        [
            107,
            126,
            115
        ],
        [
            94,
            109,
            103
        ],
        [
            106,
            122,
            110
        ],
        [
            146,
            140,
            116
        ],
        [
            98,
            123,
            102
        ]
    ],