{
    "foreground_intensity_properties_per_channel": {
        "0": {
            "max": 445.0,
            "mean": 68.3505630493164,
            "median": 67.0,
            "min": -848.0,
            "percentile_00_5": -38.0,
            "percentile_99_5": 191.0,
            "std": 37.5953369140625
        }
    },
    "median_relative_size_after_cropping": 1.0,
    "shapes_after_crop": [
        [
            60,
            512,
            512
        ],
        [
            98,
            512,
            512
        ],
        [
            68,
            512,
            512
        ],
        [
            74,
            512,
            512
        ],
        [
            149,
            512,
            512
        ],
        [
            90,
            512,
            512
        ],
        [
            90,
            512,
            512
        ],
        [
            88,
            512,
            512
        ],
        [
            54,
            512,
            512
        ],
        [
            76,
            512,
            512
        ],
        [
            100,
            512,
            512
        ],
        [
            87,
            512,
            512
        ],
        [
            82,
            512,
            512
        ],
        [
            38,
            512,
            512
        ],
        [
            95,
            512,
            512
        ],
        [
            53,
            512,
            512
        ],
        [
            112,
            512,
            512
        ],
        [
            97,
            512,
            512
        ],
        [
            41,
            512,
            512
        ],
        [
            87,
            512,
            512
        ],
        [
            140,
            512,
            512
        ],
        [
            55,
            512,
            512
        ],
        [
            98,
            512,
            512
        ],
        [
            123,
            512,
            512
        ],
        [
            142,
            512,
            512
        ],
        [
            51,
            512,
            512
        ],
        [
            119,
            512,
            512
        ],
        [
            85,
            512,
            512
        ],
        [
            37,
            512,
            512
        ],
        [
            107,
            512,
            512
        ],
        [
            100,
            512,
            512
        ],
        [
            80,
            512,
            512
        ],
        [
            86,
            512,
            512
        ],
        [
            100,
            512,
            512
        ],
        [
            95,
            512,
            512
        ],
        [
            98,
            512,
            512
        ],
        [
            101,
            512,
            512
        ],
        [
            95,
            512,
            512
        ],
        [
            149,
            512,
            512
        ],
        [
            171,
            512,
            512
        ],
        [
            90,
            512,
            512
        ],
        [
            96,
            512,
            512
        ],
        [
            91,
            512,
            512
        ],
        [
            110,
            512,
            512
        ],
        [
            98,
            512,
            512
        ],
        [
            96,
            512,
            512
        ],
        [
            148,
            512,
            512
        ],
        [
            89,
            512,
            512
        ],
        [
            93,
            512,
            512
        ],
        [
            102,
            512,
            512
        ],
        [
            44,
            512,
            512
        ],
        [
            48,
            512,
            512
        ],
        [
            205,
            512,
            512
        ],
        [
            45,
            512,
            512
        ],
        [
            97,
            512,
            512
        ],
        [
            145,
            512,
            512
        ],
        [
            166,
            512,
            512
        ],
        [
            98,
            512,
            512
        ],
        [
            90,
            512,
            512
        ],
        [
            153,
            512,
            512
        ],
        [
            173,
            512,
            512
        ],
        [
            99,
            512,
            512
        ],
        [
            113,
            512,
            512
        ],
        [
            114,
            512,
            512
        ],
        [
            87,
            512,
            512
        ],
        [
            81,
            512,
            512
        ],
        [
            194,
            512,
            512
        ],
        [
            90,
            512,
            512
        ],
        [
            102,
            512,
            512
        ],
        [
            102,
            512,
            512
        ],
        [
            79,
            512,
            512
        ],
        [
            59,
            512,
            512
        ],
        [
            93,
            512,
            512
        ],
        [
            87,
            512,
            512
        ],
        [
            126,
            512,
            512
        ],
        [
            127,
            512,
            512
        ],
        [
            41,
            512,
            512
        ],
        [
            95,
            512,
            512
        ],
        [
            95,
            512,
            512
        ],
        [
            104,
            512,
            512
        ],
        [
            90,
            512,
            512
        ],
        [
            142,
            512,
            512
        ],
        [
            87,
            512,
            512
        ],
        [
            119,
            512,
            512
        ],
        [
            113,
            512,
            512
        ],
        [
            82,
            512,
            512
        ],
        [
            306,
            512,
            512
        ],
        [
            94,
            512,
            512
        ],
        [
            124,
            512,
            512
        ],
        [
            103,
            512,
            512
        ],
        [
            94,
            512,
            512
        ],
        [
            154,
            512,
            512
        ],
        [
            106,
            512,
            512
        ],
        [
            85,
            512,
            512
        ],
        [
            102,
            512,
            512
        ],
        [
            729,
            512,
            512
        ],
        [
            40,
            512,
            512
        ],
        [
            44,
            512,
            512
        ],
        [
            92,
            512,
            512
        ],
        [
            96,
            512,
            512
        ],
        [
            137,
            512,
            512
        ]
    ],