{
    "foreground_intensity_properties_per_channel": {
        "0": {
            "max": 2671.0,
            "mean": -276.4486389160156,
            "median": -169.0,
            "min": -1024.0,
            "percentile_00_5": -1024.0,
            "percentile_99_5": 304.0,
            "std": 344.9440612792969
        }
    },
    "median_relative_size_after_cropping": 1.0,
    "shapes_after_crop": [
        [
            304,
            512,
            512
        ],
        [
            288,
            512,
            512
        ],
        [
            276,
            512,
            512
        ],
        [
            329,
            512,
            512
        ],
        [
            567,
            512,
            512
        ],
        [
            301,
            512,
            512
        ],
        [
            241,
            512,
            512
        ],
        [
            589,
            512,
            512
        ],
        [
            277,
            512,
            512
        ],
        [
            228,
            512,
            512
        ],
        [
            314,
            512,
            512
        ],
        [
            483,
            512,
            512
        ],
        [
            531,
            512,
            512
        ],
        [
            376,
            512,
            512
        ],
        [
            227,
            512,
            512
        ],
        [
            264,
            512,
            512
        ],
        [
            251,
            512,
            512
        ],
        [
            255,
            512,
            512
        ],
        [
            304,
            512,
            512
        ],
        [
            260,
            512,
            512
        ],
        [
            126,
            512,
            512
        ],
        [
            125,
            512,
            512
        ],
        [
            125,
            512,
            512
        ],
        [
            129,
            512,
            512
        ],
        [
            282,
            512,
            512
        ],
        [
            226,
            512,
            512
        ],
        [
            636,
            512,
            512
        ],
        [
            322,
            512,
            512
        ],
        [
            291,
            512,
            512
        ],
        [
            252,
            512,
            512
        ],
        [
            112,
            512,
            512
        ],
        [
            241,
            512,
            512
        ],
        [
            218,
            512,
            512
        ],
        [
            211,
            512,
            512
        ],
        [
            243,
            512,
            512
        ],
        [
            248,
            512,
            512
        ],
        [
            128,
            512,
            512
        ],
        [
            242,
            512,
            512
        ],
        [
            289,
            512,
            512
        ],
        [
            493,
            512,
            512
        ],
        [
            369,
            512,
            512
        ],
        [
            423,
            512,
            512
        ],
        [
            115,
            512,
            512
        ],
        [
            450,
            512,
            512
        ],
        [
            249,
            512,
            512
        ],
        [
            256,
            512,
            512
        ],
        [
            241,
            512,
            512
        ],
        [
            267,
            512,
            512
        ],
        [
            231,
            512,
            512
        ],
        [
            251,
            512,
            512
        ]
    ],
    "spacings": [
        [
            1.0,
            0.693359375,
            0.693359375
        ],
        [
            1.2456597089767456,
            0.9375,
            0.9375
        ],
        [
            1.2454710006713867,
            0.828125,
            0.828125
        ],
        [
            1.0,
            0.654296875,
            0.654296875
        ],
        [
            0.625,
            0.9765620231628418,
            0.9765620231628418
        ],
        [
            1.25,
            0.8203120231628418,
            0.8203120231628418
        ],
        [
            1.25,
            0.5976560115814209,
            0.5976560115814209
        ],
        [
            0.625,
            0.7421879768371582,
            0.7421879768371582
        ],
        [
            1.25,
            0.8203120231628418,
            0.8203120231628418
        ],
        [
            1.2445175647735596,
            0.7773439884185791,
            0.7773439884185791
        ],
        [
            1.0,
            0.677734375,
            0.677734375
        ],
        [
            0.625,
            0.8417969942092896,
            0.8417969942092896
        ],
        [
            0.625,
            0.8203120231628418,
            0.8203120231628418
        ],
        [
            0.9973404407501221,
            0.8007810115814209,
            0.8007810115814209
        ],
        [
            1.2444933652877808,
            0.78125,
            0.78125
        ],
        [
            1.2452651262283325,
            0.859375,
            0.859375
        ],
        [
            1.2450199127197266,
            0.9101560115814209,
            0.9101560115814209
        ],
        [
            1.2450979948043823,
            0.8457030057907104,
            0.8457030057907104
        ],
        [
            1.245888113975525,
            0.703125,
            0.703125
        ],
        [
            1.245192289352417,
            0.8203120231628418,
            0.8203120231628418
        ],
        [
            2.5,
            0.78125,
            0.78125
        ],
        [
            2.5,
            0.78125,
            0.78125
        ],
        [
            2.5,
            0.7324219942092896,
            0.7324219942092896
        ],
        [
            2.5,
            0.7695310115814209,
            0.7695310115814209
        ],
        [
            1.2455673217773438,
            0.859375,
            0.859375
        ],
        [
            1.2444690465927124,
            0.78125,
            0.78125
        ],
        [
            1.0,
            0.78515625,
            0.78515625
        ],
        [
            1.0,
            0.814453125,
            0.814453125
        ],
        [
            1.25,
            0.703125,
            0.703125
        ],
        [
            1.245039701461792,
            0.9375,
            0.9375
        ],
        [
            2.5,
            0.78125,
            0.78125
        ],
        [
            1.244813323020935,
            0.859375,
            0.859375
        ],
        [
            1.2442660331726074,
            0.8203120231628418,
            0.8203120231628418
        ],
        [
            1.2440757751464844,
            0.859375,
            0.859375
        ],
        [
            1.2448559999465942,
            0.8203120231628418,
            0.8203120231628418
        ],
        [
            1.2449597120285034,
            0.703125,
            0.703125
        ],
        [
            2.5,
            0.7265620231628418,
            0.7265620231628418
        ],
        [
            1.2448346614837646,
            0.7871090173721313,
            0.7871090173721313
        ],
        [
            1.245674729347229,
            0.703125,
            0.703125
        ],
        [
            0.625,
            0.7890620231628418,
            0.7890620231628418
        ],
        [
            1.0,
            0.625,
            0.625
        ],
        [
