{
    "foreground_intensity_properties_per_channel": {
        "0": {
            "max": 3010.0,
            "mean": 7.817042350769043,
            "median": 16.0,
            "min": -1024.0,
            "percentile_00_5": -967.0,
            "percentile_99_5": 681.0,
            "std": 214.72195434570312
        }
    },
    "median_relative_size_after_cropping": 1.0,
    "shapes_after_crop": [
        [
            186,
            512,
            512
        ],
        [
            174,
            512,
            512
        ],
        [
            175,
            512,
            512
        ],
        [
            203,
            512,
            512
        ],
        [
            237,
            512,
            512
        ],
        [
            178,
            512,
            512
        ],
        [
            125,
            512,
            512
        ],
        [
            176,
            512,
            512
        ],
        [
            152,
            512,
            512
        ],
        [
            209,
            512,
            512
        ],
        [
            176,
            512,
            512
        ],
        [
            157,
            512,
            512
        ],
        [
            242,
            512,
            512
        ],
        [
            221,
            512,
            512
        ],
        [
            176,
            512,
            512
        ],
        [
            188,
            512,
            512
        ],
        [
            191,
            512,
            512
        ],
        [
            176,
            512,
            512
        ],
        [
            207,
            512,
            512
        ],
        [
            175,
            512,
            512
        ],
        [
            191,
            512,
            512
        ],
        [
            176,
            512,
            512
        ],
        [
            190,
            512,
            512
        ],
        [
            184,
            512,
            512
        ]
    ],
    "spacings": [
        [
            2.5,
            1.2695300579071045,
            1.2695300579071045
        ],
        [
            2.5,
            1.26953125,
            1.26953125
        ],
        [
            2.5,
            0.9765625,
            0.9765625
        ],
        [
            2.5,
            0.9765625,
            0.9765625
        ],
        [
            2.5,
            0.9765625,
            0.9765625
        ],
        [
            2.5,
            0.9765625,
            0.9765625
        ],
        [
            2.5,
            0.77734375,
            0.77734375
        ],
        [
            2.5,
            0.9765625,
            0.9765625
        ],
        [
            2.5,
            0.9765999913215637,
            0.9765999913215637
        ],
        [
            2.5,
            0.9765625,
            0.9765625
        ],
        [
            2.5,
            0.9765625,
            0.9765625
        ],
        [
            2.5,
            0.9765625,
            0.9765625
        ],
        [
            2.5,
            0.9765625,
            0.9765625
        ],
        [
            2.5,
            1.26953125,
            1.26953125
        ],
        [
            2.5,
            0.9765625,
            0.9765625
        ],
        [
            2.5,
            1.26953125,
            1.26953125
        ],
        [
            2.5,
            0.9765625,
            0.9765625
        ],
        [
            2.5,
            0.9765625,
            0.9765625
        ],
        [
            2.5,
            0.9765625,
            0.9765625
        ],
        [
            2.5,
            0.9765625,
            0.9765625
        ],
        [
            2.5,
            1.07421875,
            1.07421875
        ],
        [
            2.5,
            1.26953125,
            1.26953125
        ],
        [
            2.5,
            0.9765625,
            0.9765625
        ],
        [
            2.5,
            0.9765625,
            0.9765625
        ]
    ]
}