{
    "foreground_intensity_properties_per_channel": {
        "0": {
            "max": 7646.0,
            "mean": 405.6848449707031,
            "median": 288.0,
            "min": 0.0,
            "percentile_00_5": 32.0,
            "percentile_99_5": 2538.0,
            "std": 411.6628112792969
        }
    },
    "median_relative_size_after_cropping": 0.996875,
    "shapes_after_crop": [
        [
            47,
            512,
            512
        ],
        [
            29,
            512,
            512
        ],
        [
            54,
            512,
            512
        ],
        [
            42,
            512,
            512
        ],
        [
            46,
            512,
            512
        ],
        [
            42,
            512,
            512
        ],
        [
            39,
            512,
            512
        ],
        [
            34,
            512,
            512
        ],
        [
            40,
            512,
            512
        ],
        [
            47,
            512,
            512
        ],
        [
            39,
            512,
            512
        ],
        [
            45,
            512,
            512
        ],
        [
            46,
            512,
            512
        ],
        [
            15,
            319,
            319
        ],
        [
            20,
            320,
            319
        ],
        [
            20,
            320,
            319
        ],
        [
            20,
            320,
            319
        ],
        [
            20,
            320,
            319
        ],
        [
            17,
            319,
            319
        ],
        [
            20,
            320,
            319
        ],
        [
            20,
            320,
            319
        ],
        [
            20,
            320,
            319
        ],
        [
            20,
            320,
            319
        ],
        [
            20,
            320,
            319
        ],
        [
            20,
            320,
            319
        ],
        [
            18,
            255,
            255
        ],
        [
            23,
            511,
            511
        ],
        [
            23,
            511,
            511
        ],
        [
            23,
            511,
            511
        ],
        [
            23,
            511,
            511
        ],
        [
            23,
            511,
            511
        ],
        [
            23,
            511,
            511
        ],
        [
            23,
            511,
            511
        ],
        [
            23,
            511,
            511
        ],
        [
            28,
            383,
            384
        ],
        [
            23,
            256,
            255
        ],
        [
            26,
            512,
            511
        ],
        [
            28,
            320,
            319
        ],
        [
            24,
            320,
            319
        ],
        [
            24,
            320,
            319
        ]
    ],
    "spacings": [
        [
            2.200010061264038,
            0.2734369933605194,
            0.2734380066394806
        ],
        [
            3.0002601146698,
            0.35156700015068054,
            0.3515630066394806
        ],
        [
            2.1999800205230713,
            0.27344000339508057,
            0.2734380066394806
        ],
        [
            2.2000200748443604,
            0.2734379768371582,
            0.2734390199184418
        ],
        [
            2.2004997730255127,
            0.273438960313797,
            0.27344000339508057
        ],
        [
            2.200050115585327,
            0.2734350264072418,
            0.2734380066394806
        ],
        [
            2.7999300956726074,
            0.31249600648880005,
            0.31249895691871643
        ],
        [
            2.9999399185180664,
            0.273438036441803,
            0.2734380066394806
        ],
        [
            2.7999699115753174,
            0.31250301003456116,
            0.3125010132789612
        ],
        [
            2.200010061264038,
            0.27343499660491943,
            0.2734380066394806
        ],
        [
            2.799989938735962,
            0.31250399351119995,
            0.3125
        ],
        [
            2.7999799251556396,
            0.3125019967556,
            0.3124989867210388
        ],
        [
            2.1999399662017822,
            0.27343499660491943,
            0.2734380066394806
        ],
        [
            4.0,
            0.6000000238418579,
            0.6000000238418579
        ],
        [
            3.5999999046325684,
            0.625,
            0.625
        ],
        [
            3.6000001430511475,
            0.625,
            0.625
        ],
        [
            3.5999999046325684,
            0.625,
            0.625
        ],
        [
            3.5999999046325684,
            0.625,
            0.625
        ],
        [
            4.000010013580322,
            0.6000000238418579,
            0.6000000238418579
        ],
        [
            3.5999999046325684,
            0.625,
            0.625
        ],
        [
            3.5999999046325684,
            0.625,
            0.625
        ],
        [
            3.5999999046325684,
            0.625,
            0.625
        ],
        [
            3.6000099182128906,
            0.625,
            0.625
        ],
        [
            3.5999999046325684,
            0.625,
            0.625
        ],
        [
            3.5999999046325684,
            0.625,
            0.625
        ],
        [
            4.0,
            0.75,
            0.75
        ],
        [
            3.299999952316284,
            0.390625,
            0.390625
        ],
        [
            3.299999952316284,
            0.390625,
            0.390625
        ],
        [
            3.299999952316284,
            0.390625,
            0.390625
        ],
        [
            3.299999952316284,
            0.390625,
            0.390625
        ],
        [
            3.299999952316284,
            0.390625,
            0.390625
        ],
        [
            3.299999952316284,
            0.390625,
            0.390625
        ],
        [
            3.299999952316284,
            0.390625,
            0.390625
        ],
        [
            3.0,
            0.3515630066394806,
            0.3515630066394806
        ],
        [
            3.3299999237060547,
            0.46875,
            0.46875
        ],
        [
            3.299999952316284,
            0.703125,
            0.703125
        ],
        [
            3.299999952316284,
            0.3515630066394806,
            0.3515630066394806
        ],
        [
            3.5999999046325684,
            0.625,
            0.625
        ],
        [
            3.5999999046325684,
            0.625,
            0.625
        ],
        [
            3.6000001430511475,
            0.6250000596046448,
            0.625
        ]
    ]
}