{
    "foreground_intensity_properties_per_channel": {
        "0": {
            "max": 3065.0,
            "mean": -645.2352905273438,
            "median": -767.0,
            "min": -1024.0,
            "percentile_00_5": -993.0,
            "percentile_99_5": 126.0,
            "std": 296.792236328125
        }
    },
    "median_relative_size_after_cropping": 1.0,
    "shapes_after_crop": [
        [
            94,
            512,
            512
        ],
        [
            134,
            512,
            512
        ],
        [
            134,
            512,
            512
        ],
        [
            100,
            512,
            512
        ],
        [
            134,
            512,
            512
        ],
        [
            134,
            512,
            512
        ],
        [
            134,
            512,
            512
        ],
        [
            118,
            512,
            512
        ],
        [
            134,
            512,
            512
        ],
        [
            90,
            512,
            512
        ],
        [
            119,
            512,
            512
        ],
        [
            125,
            512,
            512
        ],
        [
            131,
            512,
            512
        ],
        [
            91,
            512,
            512
        ],
        [
            106,
            512,
            512
        ],
        [
            184,
            512,
            512
        ],
        [
            133,
            512,
            512
        ],
        [
            94,
            512,
            512
        ],
        [
            96,
            512,
            512
        ],
        [
            131,
            512,
            512
        ],
        [
            134,
            512,
            512
        ],
        [
            134,
            512,
            512
        ],
        [
            90,
            512,
            512
        ],
        [
            130,
            512,
            512
        ],
        [
            134,
            512,
            512
        ],
        [
            176,
            512,
            512
        ],
        [
            101,
            512,
            512
        ],
        [
            176,
            512,
            512
        ],
        [
            132,
            512,
            512
        ],
        [
            134,
            512,
            512
        ],
        [
            134,
            512,
            512
        ],
        [
            134,
            512,
            512
        ],
        [
            108,
            512,
            512
        ],
        [
            92,
            512,
            512
        ],
        [
            93,
            512,
            512
        ],
        [
            136,
            512,
            512
        ],
        [
            134,
            512,
            512
        ],
        [
            101,
            512,
            512
        ],
        [
            94,
            512,
            512
        ],
        [
            135,
            512,
            512
        ],
        [
            134,
            512,
            512
        ],
        [
            134,
            512,
            512
        ],
        [
            134,
            512,
            512
        ],
        [
            135,
            512,
            512
        ],
        [
            133,
            512,
            512
        ],
        [
            134,
            512,
            512
        ],
        [
            100,
            512,
            512
        ],
        [
            90,
            512,
            512
        ],
        [
            82,
            512,
            512
        ],
        [
            116,
            512,
            512
        ],
        [
            99,
            512,
            512
        ],
        [
            94,
            512,
            512
        ],
        [
            89,
            512,
            512
        ],
        [
            134,
            512,
            512
        ],
        [
            134,
            512,
            512
        ],
        [
            114,
            512,
            512
        ],
        [
            114,
            512,
            512
        ],
        [
            135,
            512,
            512
        ],
        [
            110,
            512,
            512
        ],
        [
            176,
            512,
            512
        ],
        [
            91,
            512,
            512
        ],
        [
            118,
            512,
            512
        ],
        [
            94,
            512,
            512
        ],
        [
            112,
            512,
            512
        ],
        [
            95,
            512,
            512
        ],
        [
            116,
            512,
            512
        ],
        [
            102,
            512,
            512
        ],
        [
            94,
            512,
            512
        ]
    ],