{
    "foreground_intensity_properties_per_channel": {
        "0": {
            "max": 4485.0,
            "mean": 177.9291534423828,
            "median": 84.0,
            "min": 0.0,
            "percentile_00_5": 3.0,
            "percentile_99_5": 1951.0,
            "std": 285.9811096191406
        }
    },
    "median_relative_size_after_cropping": 1.0,
    "shapes_after_crop": [
        [
            104,
            389,
            281
        ],
        [
            104,
            335,
            302
        ],
        [
            112,
            396,
            270
        ],
        [
            104,
            341,
            266
        ],
        [
            104,
            335,
            281
        ],
        [
            96,
            349,
            264
        ],
        [
            100,
            337,
            269
        ],
        [
            108,
            341,
            290
        ],
        [
            92,
            344,
            269
        ],
        [
            112,
            342,
            321
        ],
        [
            108,
            355,
            285
        ],
        [
            112,
            327,
            318
        ],
        [
            104,
            344,
            269
        ],
        [
            116,
            380,
            288
        ],
        [
            112,
            350,
            323
        ],
        [
            120,
            339,
            301
        ],
        [
            104,
            369,
            281
        ],
        [
            112,
            344,
            263
        ],
        [
            116,
            340,
            280
        ],
        [
            112,
            357,
            320
        ],
        [
            112,
            355,
            316
        ],
        [
            108,
            332,
            327
        ],
        [
            104,
            356,
            269
        ],
        [
            96,
            350,
            343
        ],
        [
            108,
            339,
            268
        ],
        [
            108,
            373,
            297
        ],
        [
            104,
            332,
            284
        ],
        [
            104,
            385,
            289
        ],
        [
            92,
            333,
            284
        ],
        [
            116,
            331,
            327
        ],
        [
            112,
            375,
            307
        ],
        [
            112,
            347,
            277
        ],
        [
            120,
            345,
            280
        ],
        [
            110,
            354,
            259
        ],
        [
            120,
            349,
            271
        ],
        [
            104,
            384,
            270
        ],
        [
            120,
            343,
            309
        ],
        [
            116,
            335,
            295
        ],
        [
            120,
            357,
            275
        ],
        [
            104,
            357,
            250
        ],
        [
            96,
            356,
            248
        ],
        [
            112,
            369,
            269
        ],
        [
            92,
            342,
            265
        ],
        [
            104,
            368,
            280
        ],
        [
            108,
            339,
            267
        ],
        [
            104,
            336,
            272
        ],
        [
            112,
            347,
            285
        ],
        [
            108,
            328,
            265
        ],
        [
            104,
            336,
            302
        ],
        [
            108,
            348,
            276
        ],
        [
            128,
            347,
            301
        ],
        [
            112,
            341,
            267
        ],
        [
            112,
            344,
            257
        ],
        [
            104,
            340,
            260
        ],
        [
            104,
            336,
            331
        ],
        [
            120,
            409,
            324
        ],
        [
            108,
            343,
            319
        ],
        [
            108,
            368,
            277
        ],
        [
            112,
            345,
            279
        ]
    ],