{
    "foreground_intensity_properties_per_channel": {
        "0": {
            "max": 1358.0,
            "mean": 134.4496612548828,
            "median": 133.0,
            "min": -841.0,
            "percentile_00_5": 19.0,
            "percentile_99_5": 284.0,
            "std": 44.046539306640625
        }
    },
    "median_relative_size_after_cropping": 1.0,
    "shapes_after_crop": [
        [
            183,
            512,
            512
        ],
        [
            64,
            512,
            512
        ],
        [
            212,
            512,
            512
        ],
        [
            319,
            512,
            512
        ],
        [
            111,
            512,
            512
        ],
        [
            228,
            512,
            512
        ],
        [
            210,
            512,
            512
        ],
        [
            191,
            512,
            512
        ],
        [
            388,
            512,
            512
        ],
        [
            145,
            512,
            512
        ],
        [
            394,
            512,
            512
        ],
        [
            151,
            512,
            512
        ],
        [
            121,
            512,
            512
        ],
        [
            245,
            512,
            512
        ],
        [
            335,
            512,
            512
        ],
        [
            183,
            512,
            512
        ]
    ],
    "spacings": [
        [
            1.5,
            0.7421900033950806,
            0.7421900033950806
        ],
        [
            3.0,
            0.6289060115814209,
            0.6289060115814209
        ],
        [
            1.0,
            0.7089840173721313,
            0.7089840173721313
        ],
        [
            1.0,
            0.5761719942092896,
            0.5761719942092896
        ],
        [
            2.0,
            0.669920027256012,
            0.669920027256012
        ],
        [
            1.0,
            0.6640629768371582,
            0.6640629768371582
        ],
        [
            1.0,
            0.7460939884185791,
            0.7460939884185791
        ],
        [
            1.0,
            0.5859379768371582,
            0.5859379768371582
        ],
        [
            1.0,
            0.5859400033950806,
            0.5859400033950806
        ],
        [
            1.25,
            0.703125,
            0.703125
        ],
        [
            1.0,
            0.5859379768371582,
            0.5859379768371582
        ],
        [
            1.5,
            0.7421900033950806,
            0.7421900033950806
        ],
        [
            2.0,
            0.6835899949073792,
            0.6835899949073792
        ],
        [
            1.0,
            0.7402340173721313,
            0.7402340173721313
        ],
        [
            0.699999988079071,
            0.611329972743988,
            0.611329972743988
        ],
        [
            2.5,
            0.703125,
            0.703125
        ]
    ]
}