{
    "foreground_intensity_properties_per_channel": {
        "0": {
            "max": 1308.0,
            "mean": 54.36531066894531,
            "median": 54.0,
            "min": -18.0,
            "percentile_00_5": 15.0,
            "percentile_99_5": 90.0,
            "std": 16.688112258911133
        }
    },
    "median_relative_size_after_cropping": 1.0,
    "shapes_after_crop": [
        [
            29,
            512,
            512
        ],
        [
            34,
            512,
            512
        ],
        [
            29,
            512,
            512
        ],
        [
            28,
            512,
            512
        ],
        [
            31,
            512,
            512
        ],
        [
            34,
            512,
            512
        ],
        [
            31,
            512,
            512
        ],
        [
            36,
            512,
            512
        ],
        [
            33,
            512,
            512
        ],
        [
            28,
            512,
            512
        ],
        [
            29,
            512,
            512
        ],
        [
            28,
            512,
            512
        ],
        [
            27,
            512,
            512
        ],
        [
            29,
            512,
            512
        ],
        [
            35,
            512,
            512
        ],
        [
            29,
            512,
            512
        ],
        [
            28,
            512,
            512
        ],
        [
            24,
            512,
            512
        ],
        [
            31,
            512,
            512
        ],
        [
            28,
            512,
            512
        ],
        [
            28,
            512,
            512
        ],
        [
            32,
            512,
            512
        ],
        [
            28,
            512,
            512
        ],
        [
            29,
            512,
            512
        ],
        [
            29,
            512,
            512
        ],
        [
            29,
            512,
            512
        ],
        [
            36,
            512,
            512
        ],
        [
            29,
            512,
            512
        ],
        [
            25,
            512,
            512
        ],
        [
            28,
            512,
            512
        ],
        [
            32,
            512,
            512
        ],
        [
            29,
            512,
            512
        ],
        [
            33,
            512,
            512
        ],
        [
            29,
            512,
            512
        ],
        [
            30,
            512,
            512
        ],
        [
            31,
            512,
            512
        ],
        [
            28,
            512,
            512
        ],
        [
            24,
            512,
            512
        ],
        [
            33,
            512,
            512
        ],
        [
            28,
            512,
            512
        ],
        [
            26,
            512,
            512
        ],
        [
            28,
            512,
            512
        ],
        [
            28,
            512,
            512
        ],
        [
            33,
            512,
            512
        ],
        [
            34,
            512,
            512
        ],
        [
            28,
            512,
            512
        ],
        [
            28,
            512,
            512
        ],
        [
            27,
            512,
            512
        ],
        [
            27,
            512,
            512
        ],
        [
            28,
            512,
            512
        ],
        [
            29,
            512,
            512
        ],
        [
            34,
            512,
            512
        ],
        [
            31,
            512,
            512
        ],
        [
            31,
            512,
            512
        ],
        [
            29,
            512,
            512
        ],
        [
            28,
            512,
            512
        ],
        [
            30,
            512,
            512
        ],
        [
            29,
            512,
            512
        ],
        [
            31,
            512,
            512
        ],
        [
            31,
            512,
            512
        ],
        [
            26,
            512,
            512
        ],
        [
            28,
            512,
            512
        ],
        [
            28,
            512,
            512
        ],
        [
            28,
            512,
            512
        ],
        [
            32,
            512,
            512
        ],
        [
            28,
            512,
            512
        ],
        [
            29,
            512,
            512
        ],
        [
            33,
            512,
            512
        ],
        [
            32,
            512,
            512
        ],
        [
            28,
            512,
            512
        ],
        [
            27,
            512,
            512
        ],
        [
            40,
            512,
            512
        ],
        [
            30,
            512,
            512
        ],
        [
            28,
            512,
            512
        ],
        [
            30,
            512,
            512
        ],
        [
            34,
            512,
            512
        ],
        [
            32,
            512,
            512
        ],
        [
            28,
            512,
            512
        ],
        [
            28,
            512,
            512
        ],
        [
            30,
            512,
            512
        ]
    ],