{
    "foreground_intensity_properties_per_channel": {
        "0": {
            "max": 1906.0,
            "mean": 46.271400451660156,
            "median": 189.0,
            "min": -1024.0,
            "percentile_00_5": -768.0,
            "percentile_99_5": 441.0,
            "std": 295.57421875
        }
    },
    "median_relative_size_after_cropping": 1.0,
    "shapes_after_crop": [
        [
            258,
            512,
            512
        ],
        [
            295,
            512,
            512
        ],
        [
            256,
            512,
            512
        ],
        [
            314,
            512,
            512
        ],
        [
            282,
            512,
            512
        ],
        [
            267,
            512,
            512
        ],
        [
            297,
            512,
            512
        ],
        [
            258,
            512,
            512
        ],
        [
            275,
            512,
            512
        ],
        [
            278,
            512,
            512
        ],
        [
            331,
            512,
            512
        ],
        [
            248,
            512,
            512
        ],
        [
            288,
            512,
            512
        ],
        [
            277,
            512,
            512
        ],
        [
            316,
            512,
            512
        ],
        [
            228,
            512,
            512
        ],
        [
            291,
            512,
            512
        ],
        [
            289,
            512,
            512
        ],
        [
            299,
            512,
            512
        ],
        [
            333,
            512,
            512
        ],
        [
            323,
            512,
            512
        ],
        [
            291,
            512,
            512
        ],
        [
            314,
            512,
            512
        ],
        [
            281,
            512,
            512
        ],
        [
            301,
            512,
            512
        ],
        [
            310,
            512,
            512
        ],
        [
            325,
            512,
            512
        ],
        [
            270,
            512,
            512
        ],
        [
            282,
            512,
            512
        ],
        [
            280,
            512,
            512
        ],
        [
            305,
            512,
            512
        ],
        [
            296,
            512,
            512
        ],
        [
            293,
            512,
            512
        ],
        [
            333,
            512,
            512
        ],
        [
            251,
            512,
            512
        ],
        [
            318,
            512,
            512
        ],
        [
            315,
            512,
            512
        ],
        [
            324,
            512,
            512
        ],
        [
            282,
            512,
            512
        ],
        [
            298,
            512,
            512
        ],
        [
            302,
            512,
            512
        ],
        [
            290,
            512,
            512
        ],
        [
            299,
            512,
            512
        ],
        [
            262,
            512,
            512
        ],
        [
            321,
            512,
            512
        ],
        [
            277,
            512,
            512
        ],
        [
            257,
            512,
            512
        ],
        [
            313,
            512,
            512
        ],
        [
            285,
            512,
            512
        ],
        [
            284,
            512,
            512
        ],
        [
            269,
            512,
            512
        ],
        [
            273,
            512,
            512
        ],
        [
            311,
            512,
            512
        ],
        [
            289,
            512,
            512
        ],
        [
            254,
            512,
            512
        ],
        [
            298,
            512,
            512
        ],
        [
            325,
            512,
            512
        ],
        [
            304,
            512,
            512
        ],
        [
            329,
            512,
            512
        ],
        [
            325,
            512,
            512
        ],
        [
            323,
            512,
            512
        ],
        [
            262,
            512,
            512
        ],
        [
            327,
            512,
            512
        ],
        [
            312,
            512,
            512
        ],
        [
            280,
            512,
            512
        ],
        [
            302,
            512,
            512
        ],
        [
            321,
            512,
            512
        ],
        [
            295,
            512,
            512
        ],
        [
            323,
            512,
            512
        ],
        [
            318,
            512,
            512
        ],
        [
            390,
            512,
            512
        ],
        [
            348,
            512,
            512
        ],
        [
            349,
            512,
            512
        ],
        [
            352,
            512,
            512
        ],
        [
            301,
            512,
            512
        ],
        [
            346,
            512,
            512
        ],
        [
            338,
            512,
            512
        ],
        [
            355,
            512,
            512
        ],
        [
            346,
            512,
            512
        ],
        [
            341,
            512,
            512
        ]
    ],