{
    "foreground_intensity_properties_per_channel": {
        "0": {
            "max": 1510.0,
            "mean": 132.001220703125,
            "median": 130.0,
            "min": -601.0,
            "percentile_00_5": 9.0,
            "percentile_99_5": 262.0,
            "std": 41.08568572998047
        }
    },
    "median_relative_size_after_cropping": 1.0,
    "shapes_after_crop": [
        [
            95,
            512,
            512
        ],
        [
            91,
            512,
            512
        ],
        [
            90,
            512,
            512
        ],
        [
            96,
            512,
            512
        ],
        [
            257,
            512,
            512
        ],
        [
            101,
            512,
            512
        ],
        [
            240,
            512,
            512
        ],
        [
            123,
            512,
            512
        ],
        [
            235,
            512,
            512
        ],
        [
            114,
            512,
            512
        ],
        [
            242,
            512,
            512
        ],
        [
            214,
            512,
            512
        ],
        [
            81,
            512,
            512
        ],
        [
            266,
            512,
            512
        ],
        [
            95,
            512,
            512
        ],
        [
            88,
            512,
            512
        ]
    ],
    "spacings": [
        [
            1.600000262260437,
            0.568359375,
            0.568359375
        ],
        [
            2.0,
            0.791015625,
            0.791015625
        ],
        [
            1.600000262260437,
            0.666015625,
            0.666015625
        ],
        [
            1.5,
            0.6876710057258606,
            0.6876710057258606
        ],
        [
            0.9999999403953552,
            0.78125,
            0.78125
        ],
        [
            1.600000023841858,
            0.72265625,
            0.72265625
        ],
        [
            1.0,
            0.658203125,
            0.658203125
        ],
        [
            2.0,
            0.63671875,
            0.63671875
        ],
        [
            1.0,
            0.6015625,
            0.6015625
        ],
        [
            1.6000005006790161,
            0.76171875,
            0.76171875
        ],
        [
            1.0,
            0.68359375,
            0.68359375
        ],
        [
            1.0,
            0.68359375,
            0.68359375
        ],
        [
            2.0,
            0.77734375,
            0.77734375
        ],
        [
            1.0,
            0.732421875,
            0.732421875
        ],
        [
            1.600000262260437,
            0.755859375,
            0.755859375
        ],
        [
            1.5,
            0.6495490074157715,
            0.6495490074157715
        ]
    ]
}