{
    "foreground_intensity_properties_per_channel": {
        "0": {
            "max": 1926.0,
            "mean": 343.4484558105469,
            "median": 307.0,
            "min": 0.0,
            "percentile_00_5": 42.0,
            "percentile_99_5": 1080.0,
            "std": 186.2944793701172
        }
    },
    "median_relative_size_after_cropping": 0.718646240234375,
    "shapes_after_crop": [
        [
            30,
            240,
            288
        ],
        [
            30,
            240,
            288
        ],
        [
            30,
            233,
            288
        ],
        [
            30,
            233,
            288
        ],
        [
            35,
            172,
            256
        ],
        [
            35,
            172,
            256
        ],
        [
            34,
            178,
            256
        ],
        [
            34,
            178,
            256
        ],
        [
            35,
            190,
            250
        ],
        [
            35,
            190,
            250
        ],
        [
            26,
            240,
            288
        ],
        [
            26,
            240,
            288
        ],
        [
            30,
            180,
            256
        ],
        [
            30,
            180,
            256
        ],
        [
            33,
            220,
            256
        ],
        [
            33,
            220,
            256
        ],
        [
            33,
            180,
            256
        ],
        [
            33,
            180,
            256
        ],
        [
            35,
            173,
            256
        ],
        [
            35,
            173,
            256
        ],
        [
            38,
            180,
            256
        ],
        [
            38,
            180,
            256
        ],
        [
            30,
            208,
            256
        ],
        [
            30,
            208,
            256
        ],
        [
            34,
            226,
            288
        ],
        [
            34,
            226,
            288
        ],
        [
            26,
            180,
            256
        ],
        [
            26,
            180,
            256
        ],
        [
            30,
            240,
            288
        ],
        [
            30,
            240,
            288
        ],
        [
            30,
            180,
            256
        ],
        [
            30,
            180,
            256
        ],
        [
            30,
            228,
            320
        ],
        [
            30,
            228,
            320
        ],
        [
            36,
            203,
            256
        ],
        [
            31,
            197,
            256
        ],
        [
            33,
            204,
            256
        ],
        [
            26,
            228,
            320
        ],
        [
            29,
            232,
            256
        ],
        [
            39,
            204,
            256
        ],
        [
            29,
            232,
            256
        ],
        [
            30,
            181,
            256
        ],
        [
            38,
            232,
            256
        ],
        [
            32,
            180,
            256
        ],
        [
            34,
            226,
            320
        ],
        [
            26,
            204,
            256
        ],
        [
            30,
            228,
            320
        ],
        [
            30,
            180,
            256
        ]
    ],
    "spacings": [
        [
            9.0,
            1.4409722089767456,
            1.4409722089767456
        ],
        [
            9.0,
            1.4409722089767456,
            1.4409722089767456
        ],
        [
            9.0,
            1.4409722089767456,
            1.4409722089767456
        ],
        [
            9.0,
            1.4409722089767456,
            1.4409722089767456
        ],
        [
            5.5,
            1.89453125,
            1.89453125
        ],
        [
            5.5,
            1.89453125,
            1.89453125
        ],
        [
            7.999999523162842,
            1.81640625,
            1.81640625
        ],
        [
            7.999999523162842,
            1.81640625,
            1.81640625
        ],
        [
            9.0,
            2.03125,
            2.031250238418579
        ],
        [
            9.0,
            2.03125,
            2.031250238418579
        ],
        [
            9.0,
            1.4409722089767456,
            1.4409722089767456
        ],
        [
            9.0,
            1.4409722089767456,
            1.4409722089767456
        ],
        [
            9.0,
            1.69921875,
            1.69921875
        ],
        [
            9.0,
            1.69921875,
            1.69921875
        ],
        [
            9.0,
            1.81640625,
            1.81640625
        ],
        [
            9.0,
            1.81640625,
            1.81640625
        ],
        [
            9.0,
            1.73828125,
            1.73828125
        ],
        [
            9.0,
            1.73828125,
            1.73828125
        ],
        [
            5.5,
            1.73828125,
            1.73828125
        ],
        [
            5.5,
            1.73828125,
            1.73828125
        ],
        [
            9.0,
            1.69921875,
            1.69921875
        ],
        [
            9.0,
            1.69921875,
            1.69921875
        ],
        [
            9.0,
            1.46484375,
            1.46484375
        ],
        [
            9.0,
            1.46484375,
            1.46484375
        ],
        [
            9.0,
            1.4409722089767456,
            1.4409722089767456
        ],
        [
            9.0,
            1.4409722089767456,
            1.4409722089767456
        ],
        [
            9.0,
            1.69921875,
            1.6992186307907104
        ],
        [
            9.0,
            1.69921875,
            1.6992186307907104
        ],
        [
            9.0,
            1.4409722089767456,
            1.4409722089767456
        ],
        [
            9.0,
            1.4409722089767456,
            1.4409722089767456
        ],
        [
            9.0,
            1.69921875,
            1.69921875
        ],
        [
            9.0,
            1.69921875,
            1.69921875
        ],
        [
            9.0,
            1.359375,
            1.359375
        ],
        [
            9.0,
            1.359375,
            1.359375
        ],
        [
            7.699999809265137,
            1.54296875,
            1.54296875
        ],
        [
            8.0,
            1.66015625,
            1.66015625
        ],
        [
            8.699999809265137,
            1.73828125,
            1.73828125
        ],
        [
            9.0,
            1.359375,
            1.359375
        ],
        [
            9.0,
            1.62109375,
            1.62109375
        ],
        [
            9.0,
            1.81640625,
            1.81640625
        ],
        [
            9.0,
            1.73828125,
            1.73828125
        ],
        [
            8.800000190734863,
            1.73828125,
            1.73828125
        ],
        [
            9.0,
            1.62109375,
            1.62109375
        ],
        [
            9.0,
            1.46484375,
            1.46484375
        ],
        [
            9.0,
            1.359375,
            1.359375
        ],
        [
            9.0,
            1.58203125,
            1.58203125
        ],
        [
            9.0,
            1.359375,
