{
    "foreground_intensity_properties_per_channel": {
        "0": {
            "max": 2794.0,
            "mean": 317.1829528808594,
            "median": 217.0,
            "min": 0.0,
            "percentile_00_5": 60.0,
            "percentile_99_5": 1501.0,
            "std": 282.3523254394531
        }
    },
    "median_relative_size_after_cropping": 0.9892067307692308,
    "shapes_after_crop": [
        [
            88,
            368,
            511
        ],
        [
            80,
            358,
            446
        ],
        [
            88,
            368,
            511
        ],
        [
            72,
            257,
            319
        ],
        [
            96,
            460,
            503
        ],
        [
            72,
            258,
            319
        ],
        [
            80,
            257,
            319
        ],
        [
            88,
            358,
            446
        ],
        [
            72,
            259,
            318
        ],
        [
            72,
            258,
            319
        ],
        [
            72,
            259,
            319
        ],
        [
            96,
            409,
            497
        ],
        [
            88,
            358,
            444
        ],
        [
            96,
            272,
            511
        ],
        [
            80,
            345,
            444
        ],
        [
            80,
            248,
            319
        ],
        [
            88,
            352,
            511
        ],
        [
            72,
            352,
            511
        ],
        [
            64,
            258,
            319
        ],
        [
            72,
            258,
            319
        ],
        [
            72,
            258,
            319
        ],
        [
            80,
            357,
            443
        ],
        [
            72,
            259,
            319
        ],
        [
            72,
            256,
            319
        ],
        [
            72,
            267,
            319
        ],
        [
            72,
            258,
            319
        ],
        [
            72,
            299,
            383
        ],
        [
            80,
            300,
            383
        ],
        [
            80,
            384,
            511
        ],
        [
            96,
            352,
            511
        ],
        [
            80,
            358,
            445
        ],
        [
            72,
            258,
            319
        ],
        [
            88,
            359,
            446
        ],
        [
            72,
            359,
            447
        ],
        [
            72,
            257,
            319
        ],
        [
            72,
            257,
            319
        ],
        [
            72,
            259,
            319
        ],
        [
            72,
            258,
            319
        ],
        [
            92,
            410,
            497
        ],
        [
            80,
            324,
            383
        ],
        [
            72,
            258,
            319
        ],
        [
            88,
            352,
            511
        ],
        [
            80,
            278,
            319
        ],
        [
            72,
            258,
            319
        ],
        [
            72,
            256,
            319
        ],
        [
            80,
            352,
            511
        ],
        [
            72,
            259,
            319
        ],
        [
            80,
            300,
            383
        ]
    ],
    "spacings": [
        [
            2.3000030517578125,
            0.78125,
            0.78125
        ],
        [
            2.4999961853027344,
            0.9375,
            0.9375
        ],
        [
            2.5,
            0.8203125,
            0.8203125
        ],
        [
            2.9999969005584717,
            1.25,
            1.25
        ],
        [
            2.3000030517578125,
            0.7813000082969666,
            0.7813000082969666
        ],
        [
            3.0000040531158447,
            1.1875,
            1.1875
        ],
        [
            3.000004529953003,
            1.3125,
            1.3125
        ],
        [
            2.5,
            0.9375,
            0.9375
        ],
        [
            3.000004529953003,
            1.40625,
            1.40625
        ],
        [
            3.0000007152557373,
            1.1875,
            1.1875
        ],
        [
            3.5,
            1.25,
            1.25
        ],
        [
            2.100093126296997,
            0.8593999743461609,
            0.8593999743461609
        ],
        [
            2.5000038146972656,
            0.9375,
            0.9375
        ],
        [
            2.1000022888183594,
            0.9765625,
            0.9765625
        ],
        [
            2.5,
            0.9375,
            0.9375
        ],
        [
            3.0000007152557373,
            1.1875,
            1.1875
        ],
        [
            2.0,
            0.9375,
            0.9375
        ],
        [
            2.0,
            0.68359375,
            0.68359375
        ],
        [
            3.000004529953003,
            1.1875,
            1.1875
        ],
        [
            3.000004529953003,
            1.1875,
            1.1875
        ],
        [
            3.000004529953003,
            1.1875,
            1.1875
        ],
        [
            2.5,
            0.9375,
            0.9375
        ],
        [
            2.6000025272369385,
            1.1875,
            1.1875
        ],
        [
            3.000004529953003,
            1.25,
            1.25
        ],
        [
            2.9999969005584717,
            1.1875,
            1.1875
        ],
        [
            3.5,
            1.25,
            1.25
        ],
        [
            2.9999969005584717,
            1.171875,
            1.171875
        ],
        [
            3.0,
            1.0416666269302368,
            1.0416666269302368
        ],
        [
            2.0,
            0.76171875,
            0.76171875
        ],
        [
            2.0,
            0.7421875,
            0.7421875
        ],
        [
            2.5,
            0.9375,
            0.9375
        ],
        [
            3.5,
            1.25,
            1.25
        ],
        [
            2.4999961853027344,
            0.9375,
            0.9375
        ],
        [
            3.0000040531158447,
            0.9375,
            0.9375
        ],
        [
            3.0000007152557373,
            1.1875,
            1.1875
        ],
        [
            2.9999892711639404,
            1.3125,
            1.3125
        ],
        [
            3.000004529953003,
            1.1875,
            1.1875
        ],
        [
            3.0000007152557373,
            1.25,
            1.25
        ],
        [
            2.2999916076660156,
            0.8593999743461609,
            0.8593999743461609
        ],
        [
            2.9999892711639404,
            1.0416666269302368,
            1.0416666269302368
        ],
        [
            2.9999969005584717,
            1.1875,
            1.1875
        ],
        [
            2.0,
            0.91796875,
            0.91796875
        ],
        [
            3.000004529953003,
            1.375,
            1.375
        ],
        [
            3.5,
            1.25,
            1.25
        ],
        [
            2.9999969005584717,
            1.3125,
            1.3125
        ],
        [
            2.5,
            0.87890625,
            0.87890625
        ],
        [
            3.0000059604644775,
            1.25,
