{
    "foreground_intensity_properties_per_channel": {
        "0": {
            "max": 3370.0,
            "mean": 453.56951904296875,
            "median": 355.0,
            "min": 0.0,
            "percentile_00_5": 0.0,
            "percentile_99_5": 1685.0,
            "std": 373.5196533203125
        }
    },
    "median_relative_size_after_cropping": 0.9294589205415841,
    "shapes_after_crop": [
        [
            470,
            5,
            478
        ],
        [
            470,
            5,
            473
        ],
        [
            471,
            5,
            476
        ],
        [
            485,
            465,
            3
        ],
        [
            478,
            462,
            3
        ],
        [
            490,
            466,
            3
        ],
        [
            447,
            432,
            3
        ],
        [
            471,
            470,
            3
        ],
        [
            470,
            470,
            3
        ],
        [
            486,
            474,
            3
        ],
        [
            465,
            468,
            3
        ],
        [
            482,
            485,
            3
        ],
        [
            408,
            3,
            405
        ],
        [
            400,
            3,
            397
        ],
        [
            408,
            3,
            409
        ],
        [
            488,
            481,
            3
        ],
        [
            468,
            471,
            3
        ],
        [
            487,
            489,
            3
        ],
        [
            447,
            5,
            444
        ],
        [
            446,
            5,
            469
        ],
        [
            454,
            5,
            473
        ],
        [
            492,
            467,
            3
        ],
        [
            478,
            468,
            3
        ],
        [
            491,
            470,
            3
        ],
        [
            436,
            441,
            5
        ],
        [
            433,
            467,
            5
        ],
        [
            455,
            469,
            5
        ],
        [
            458,
            446,
            5
        ],
        [
            478,
            470,
            5
        ],
        [
            478,
            477,
            5
        ],
        [
            435,
            416,
            4
        ],
        [
            445,
            393,
            4
        ],
        [
            447,
            448,
            4
        ],
        [
            463,
            439,
            6
        ],
        [
            463,
            468,
            6
        ],
        [
            463,
            476,
            6
        ],
        [
            492,
            3,
            484
        ],
        [
            465,
            3,
            459
        ],
        [
            492,
            3,
            489
        ],
        [
            450,
            5,
            416
        ],
        [
            480,
            5,
            397
        ],
        [
            463,
            5,
            447
        ],
        [
            452,
            6,
            438
        ],
        [
            460,
            6,
            467
        ],
        [
            465,
            6,
            470
        ],
        [
            503,
            482,
            3
        ],
        [
            480,
            438,
            3
        ],
        [
            505,
            484,
            3
        ],
        [
            442,
            5,
            445
        ],
        [
            445,
            5,
            458
        ],
        [
            449,
            5,
            471
        ],
        [
            475,
            480,
            3
        ],
        [
            475,
            469,
            3
        ],
        [
            476,
            470,
            3
        ],
        [
            392,
            396,
            4
        ],
        [
            392,
            392,
            4
        ],
        [
            392,
            395,
            4
        ],
        [
            423,
            4,
            425
        ],
        [
            408,
            4,
            476
        ],
        [
            433,
            4,
            452
        ]
    ],