{
    "foreground_intensity_properties_per_channel": {
        "0": {
            "max": 2177.0,
            "mean": 759.7952270507812,
            "median": 736.0,
            "min": 1.0,
            "percentile_00_5": 94.0,
            "percentile_99_5": 1756.0,
            "std": 366.1339416503906
        }
    },
    "median_relative_size_after_cropping": 0.9054028614457832,
    "shapes_after_crop": [
        [
            80,
            239,
            132
        ],
        [
            81,
            236,
            132
        ],
        [
            77,
            242,
            132
        ],
        [
            79,
            241,
            132
        ],
        [
            79,
            244,
            132
        ],
        [
            79,
            239,
            132
        ],
        [
            77,
            236,
            132
        ],
        [
            80,
            240,
            132
        ],
        [
            81,
            242,
            132
        ],
        [
            80,
            245,
            132
        ],
        [
            81,
            243,
            132
        ],
        [
            81,
            241,
            132
        ],
        [
            80,
            243,
            132
        ],
        [
            80,
            245,
            132
        ],
        [
            77,
            242,
            132
        ],
        [
            80,
            247,
            132
        ],
        [
            79,
            243,
            132
        ],
        [
            80,
            242,
            132
        ],
        [
            81,
            236,
            132
        ],
        [
            80,
            241,
            132
        ],
        [
            48,
            232,
            255
        ],
        [
            48,
            232,
            255
        ],
        [
            48,
            255,
            231
        ],
        [
            48,
            255,
            231
        ],
        [
            48,
            255,
            231
        ],
        [
            48,
            255,
            231
        ],
        [
            48,
            255,
            231
        ],
        [
            48,
            255,
            231
        ],
        [
            48,
            255,
            231
        ],
        [
            48,
            255,
            231
        ],
        [
            48,
            255,
            231
        ],
        [
            48,
            255,
            231
        ],
        [
            48,
            255,
            231
        ],
        [
            48,
            255,
            231
        ],
        [
            48,
            255,
            231
        ],
        [
            48,
            255,
            231
        ],
        [
            48,
            255,
            231
        ],
        [
            48,
            255,
            231
        ],
        [
            48,
            255,
            231
        ],
        [
            48,
            255,
            231
        ],
        [
            48,
            240,
            200
        ],
        [
            48,
            240,
            200
        ],
        [
            48,
            240,
            200
        ],
        [
            48,
            240,
            200
        ],
        [
            48,
            240,
            200
        ],
        [
            48,
            240,
            200
        ],
        [
            48,
            240,
            200
        ],
        [
            48,
            240,
            200
        ],
        [
            48,
            240,
            200
        ],
        [
            48,
            240,
            200
        ],
        [
            48,
            240,
            200
        ],
        [
            48,
            240,
            200
        ],
        [
            48,
            240,
            200
        ],
        [
            48,
            240,
            200
        ],
        [
            48,
            240,
            200
        ],
        [
            48,
            240,
            200
        ],
        [
            48,
            240,
            200
        ],
        [
            48,
            240,
            200
        ],
        [
            48,
            240,
            200
        ],
        [
            48,
            240,
            200
        ]
    ],