{
    "foreground_intensity_properties_per_channel": {
        "0": {
            "max": 457.98614501953125,
            "mean": 85.93220520019531,
            "median": 92.00274658203125,
            "min": -875.0052490234375,
            "percentile_00_5": -73.03021240234375,
            "percentile_99_5": 171.0174102783203,
            "std": 40.776920318603516
        }
    },
    "median_relative_size_after_cropping": 1.0,
    "shapes_after_crop": [
        [
            195,
            512,
            512
        ],
        [
            221,
            512,
            512
        ],
        [
            201,
            512,
            512
        ],
        [
            196,
            512,
            512
        ],
        [
            221,
            512,
            512
        ],
        [
            214,
            512,
            512
        ],
        [
            186,
            512,
            512
        ],
        [
            231,
            512,
            512
        ],
        [
            247,
            512,
            512
        ],
        [
            310,
            512,
            512
        ],
        [
            310,
            512,
            512
        ],
        [
            223,
            512,
            512
        ],
        [
            210,
            512,
            512
        ],
        [
            218,
            512,
            512
        ],
        [
            223,
            512,
            512
        ],
        [
            310,
            512,
            512
        ],
        [
            310,
            512,
            512
        ],
        [
            310,
            512,
            512
        ],
        [
            205,
            512,
            512
        ],
        [
            206,
            512,
            512
        ],
        [
            310,
            512,
            512
        ],
        [
            310,
            512,
            512
        ],
        [
            233,
            512,
            512
        ],
        [
            310,
            512,
            512
        ],
        [
            205,
            512,
            512
        ],
        [
            227,
            512,
            512
        ],
        [
            223,
            512,
            512
        ],
        [
            198,
            512,
            512
        ],
        [
            205,
            512,
            512
        ],
        [
            201,
            512,
            512
        ],
        [
            251,
            512,
            512
        ],
        [
            237,
            512,
            512
        ],
        [
            310,
            512,
            512
        ],
        [
            203,
            512,
            512
        ],
        [
            466,
            512,
            512
        ],
        [
            216,
            512,
            512
        ],
        [
            198,
            512,
            512
        ],
        [
            201,
            512,
            512
        ],
        [
            206,
            512,
            512
        ],
        [
            222,
            512,
            512
        ],
        [
            310,
            512,
            512
        ],
        [
            209,
            512,
            512
        ],
        [
            193,
            512,
            512
        ],
        [
            215,
            512,
            512
        ],
        [
            228,
            512,
            512
        ],
        [
            310,
            512,
            512
        ],
        [
            203,
            512,
            512
        ],
        [
            310,
            512,
            512
        ],
        [
            223,
            512,
            512
        ],
        [
            211,
            512,
            512
        ],
        [
            310,
            512,
            512
        ],
        [
            216,
            512,
            512
        ],
        [
            201,
            512,
            512
        ],
        [
            221,
            512,
            512
        ],
        [
            206,
            512,
            512
        ],
        [
            209,
            512,
            512
        ],
        [
            194,
            512,
            512
        ],
        [
            310,
            512,
            512
        ],
        [
            224,
            512,
            512
        ],
        [
            210,
            512,
            512
        ],
        [
            233,
            512,
            512
        ],
        [
            310,
            512,
            512
        ],
        [
            181,
            512,
            512
        ],
        [
            209,
            512,
            512
        ]
    ],