{
    "foreground_intensity_properties_per_channel": {
        "0": {
            "max": 2065.0,
            "mean": -758.8727416992188,
            "median": -829.0,
            "min": -1023.0,
            "percentile_00_5": -1023.0,
            "percentile_99_5": 101.0,
            "std": 217.1913604736328
        }
    },
    "median_relative_size_after_cropping": 1.0,
    "shapes_after_crop": [
        [
            301,
            512,
            512
        ],
        [
            200,
            512,
            512
        ],
        [
            200,
            512,
            512
        ],
        [
            290,
            512,
            512
        ],
        [
            213,
            512,
            512
        ],
        [
            249,
            512,
            512
        ],
        [
            301,
            512,
            512
        ],
        [
            256,
            512,
            512
        ]
    ],
    "spacings": [
        [
            1.0,
            0.8105469942092896,
            0.8105469942092896
        ],
        [
            1.5,
            0.68359375,
            0.68359375
        ],
        [
            1.5,
            0.736328125,
            0.736328125
        ],
        [
            1.0,
            0.6835939884185791,
            0.6835939884185791
        ],
        [
            1.5,
            0.759765625,
            0.759765625
        ],
        [
            1.0,
            0.712890625,
            0.712890625
        ],
        [
            1.0,
            0.7246090173721313,
            0.7246090173721313
        ],
        [
            1.0,
            0.6835939884185791,
            0.6835939884185791
        ]
    ]
}