{
    "foreground_intensity_properties_per_channel": {
        "0": {
            "max": 3071.0,
            "mean": 18.718116760253906,
            "median": 53.0,
            "min": -3024.0,
            "percentile_00_5": -988.0,
            "percentile_99_5": 658.0,
            "std": 208.78158569335938
        }
    },
    "median_relative_size_after_cropping": 1.0,
    "shapes_after_crop": [
        [
            173,
            512,
            512
        ],
        [
            241,
            512,
            512
        ],
        [
            178,
            512,
            512
        ],
        [
            197,
            512,
            512
        ],
        [
            190,
            512,
            512
        ],
        [
            196,
            512,
            512
        ],
        [
            223,
            512,
            512
        ],
        [
            217,
            512,
            512
        ],
        [
            219,
            512,
            512
        ],
        [
            173,
            512,
            512
        ],
        [
            182,
            512,
            512
        ],
        [
            171,
            512,
            512
        ],
        [
            203,
            512,
            512
        ],
        [
            224,
            512,
            512
        ],
        [
            201,
            512,
            512
        ],
        [
            180,
            512,
            512
        ],
        [
            214,
            512,
            512
        ],
        [
            152,
            512,
            512
        ],
        [
            223,
            512,
            512
        ],
        [
            162,
            512,
            512
        ],
        [
            189,
            512,
            512
        ],
        [
            198,
            512,
            512
        ],
        [
            195,
            512,
            512
        ],
        [
            246,
            512,
            512
        ],
        [
            179,
            512,
            512
        ],
        [
            222,
            512,
            512
        ],
        [
            186,
            512,
            512
        ],
        [
            200,
            512,
            512
        ],
        [
            191,
            512,
            512
        ],
        [
            161,
            512,
            512
        ],
        [
            177,
            512,
            512
        ],
        [
            159,
            512,
            512
        ],
        [
            200,
            512,
            512
        ],
        [
            239,
            512,
            512
        ],
        [
            182,
            512,
            512
        ],
        [
            200,
            512,
            512
        ],
        [
            217,
            512,
            512
        ],
        [
            191,
            512,
            512
        ],
        [
            162,
            512,
            512
        ],
        [
            330,
            512,
            512
        ],
        [
            200,
            512,
            512
        ],
        [
            221,
            512,
            512
        ],
        [
            197,
            512,
            512
        ],
        [
            207,
            512,
            512
        ],
        [
            225,
            512,
            512
        ],
        [
            223,
            512,
            512
        ],
        [
            167,
            512,
            512
        ],
        [
            223,
            512,
            512
        ],
        [
            240,
            512,
            512
        ],
        [
            201,
            512,
            512
        ],
        [
            211,
            512,
            512
        ],
        [
            197,
            512,
            512
        ],
        [
            181,
            512,
            512
        ],
        [
            202,
            512,
            512
        ],
        [
            343,
            512,
            512
        ],
        [
            216,
            512,
            512
        ],
        [
            224,
            512,
            512
        ],
        [
            183,
            512,
            512
        ],
        [
            171,
            512,
            512
        ],
        [
            180,
            512,
            512
        ],
        [
            214,
            512,
            512
        ],
        [
            219,
            512,
            512
        ],
        [
            159,
            512,
            512
        ],
        [
            210,
            512,
            512
        ],
        [
            201,
            512,
            512
        ],
        [
            186,
            512,
            512
        ],
        [
            202,
            512,
            512
        ],
        [
            172,
            512,
            512
        ],
        [
            177,
            512,
            512
        ],
        [
            167,
            512,
            512
        ],
        [
            180,
            512,
            512
        ],
        [
            173,
            512,
            512
        ],
        [
            159,
            512,
            512
        ],
        [
            231,
            512,
            512
        ],
        [
            218,
            512,
            512
        ],
        [
            167,
            512,
            512
        ],
        [
            167,
            512,
            512
        ],
        [
            221,
            512,
            512
        ],
        [
            193,
            512,
            512
        ],
        [
            214,
            512,
            512
        ],
        [
            209,
            512,
            512
        ],
        [
            180,
            512,
            512
        ],
        [
            175,
            512,
            512
        ],
        [
            168,
            512,
            512
        ],
        [
            223,
            512,
            512
        ],
        [
            209,
            512,
            512
        ],
        [
            260,
            512,
            512
        ],
        [
            200,
            512,
            512
        ],
        [
            205,
            512,
            512
        ],
        [
            159,
            512,
            512
        ],
        [
            201,
            512,
            512
        ],
        [
            217,
            512,
            512
        ],
        [
            172,
            512,
            512
        ],
        [
            204,
            512,
            512
        ],
        [
            202,
            512,
            512
        ],
        [
            217,
            512,
            512
        ],
        [
            177,
            512,
            512
        ],
        [
            224,
            512,
            512
        ],
        [
            206,
            512,
            512
        ],
        [
            236,
            512,
            512
        ],
        [
            159,
            512,
            512
        ],
        [
            168,
            512,
            512
        ],
        [
            226,
            512,
            512
        ],
        [
            205,
            512,
            512
        ],
        [
            230,
            512,
            512
        ],
        [
            218,
            512,
            512
        ],
        [
            245,
            512,
            512
        ],
