{
    "foreground_intensity_properties_per_channel": {
        "0": {
            "max": 19859.0,
            "mean": 375.47833251953125,
            "median": 299.0,
            "min": -5533.0,
            "percentile_00_5": -54.0,
            "percentile_99_5": 1324.0,
            "std": 313.99102783203125
        }
    },
    "median_relative_size_after_cropping": 1.0,
    "shapes_after_crop": [
        [
            350,
            512,
            512
        ],
        [
            307,
            512,
            512
        ],
        [
            350,
            512,
            512
        ],
        [
            329,
            512,
            512
        ],
        [
            350,
            512,
            512
        ],
        [
            350,
            512,
            512
        ],
        [
            350,
            512,
            512
        ],
        [
            350,
            512,
            512
        ],
        [
            313,
            512,
            512
        ],
        [
            350,
            512,
            512
        ],
        [
            350,
            512,
            512
        ],
        [
            350,
            512,
            512
        ],
        [
            376,
            512,
            512
        ],
        [
            383,
            512,
            512
        ],
        [
            350,
            512,
            512
        ],
        [
            350,
            512,
            512
        ],
        [
            350,
            512,
            512
        ],
        [
            350,
            512,
            512
        ],
        [
            350,
            512,
            512
        ],
        [
            350,
            512,
            512
        ],
        [
            350,
            512,
            512
        ],
        [
            350,
            512,
            512
        ],
        [
            350,
            512,
            512
        ],
        [
            350,
            512,
            512
        ],
        [
            350,
            512,
            512
        ],
        [
            350,
            512,
            512
        ],
        [
            350,
            512,
            512
        ],
        [
            350,
            512,
            512
        ],
        [
            350,
            512,
            512
        ],
        [
            319,
            512,
            512
        ],
        [
            388,
            512,
            512
        ],
        [
            350,
            512,
            512
        ],
        [
            350,
            512,
            512
        ],
        [
            350,
            512,
            512
        ],
        [
            369,
            512,
            512
        ],
        [
            350,
            512,
            512
        ],
        [
            350,
            512,
            512
        ],
        [
            332,
            512,
            512
        ],
        [
            350,
            512,
            512
        ],
        [
            301,
            512,
            512
        ],
        [
            350,
            512,
            512
        ],
        [
            357,
            512,
            512
        ],
        [
            341,
            512,
            512
        ],
        [
            350,
            512,
            512
        ],
        [
            350,
            512,
            512
        ],
        [
            350,
            512,
            512
        ],
        [
            350,
            512,
            512
        ],
        [
            350,
            512,
            512
        ],
        [
            350,
            512,
            512
        ],
        [
            313,
            512,
            512
        ],
        [
            350,
            512,
            512
        ],
        [
            294,
            512,
            512
        ],
        [
            338,
            512,
            512
        ],
        [
            350,
            512,
            512
        ],
        [
            313,
            512,
            512
        ],
        [
            350,
            512,
            512
        ],
        [
            350,
            512,
            512
        ],
        [
            350,
            512,
            512
        ],
        [
            350,
            512,
            512
        ],
        [
            350,
            512,
            512
        ],
        [
            350,
            512,
            512
        ],
        [
            350,
            512,
            512
        ],
        [
            350,
            512,
            512
        ],
        [
            319,
            512,
            512
        ],
        [
            388,
            512,
            512
        ],
        [
            326,
            512,
            512
        ],
        [
            350,
            512,
            512
        ],
        [
            350,
            512,
            512
        ],
        [
            350,
            512,
            512
        ],
        [
            350,
            512,
            512
        ],
        [
            350,
            512,
            512
        ],
        [
            350,
            512,
            512
        ],
        [
            350,
            512,
            512
        ],
        [
            388,
            512,
            512
        ],
        [
            327,
            512,
            512
        ],
        [
            388,
            512,
            512
        ],
        [
            350,
            512,
            512
        ],
        [
            313,
            512,
            512
        ],
        [
            350,
            512,
            512
        ],
        [
            300,
            512,
            512
        ],
        [
            326,
            512,
            512
        ],
        [
            350,
            512,
            512
        ],
        [
            319,
            512,
            512
        ],
        [
            350,
            512,
            512
        ],
        [
            350,
            512,
            512
        ],
        [
            350,
            512,
            512
        ],
        [
            260,
            512,
            512
        ],
        [
            332,
            512,
            512
        ],
        [
            350,
            512,
            512
        ],
        [
            301,
            512,
            512
        ],
        [
            232,
            512,
            512
        ],
        [
            350,
            512,
            512
        ],
        [
            350,
            512,
            512
        ],
        [
            350,
            512,
            512
        ]
    ],