{
    "foreground_intensity_properties_per_channel": {
        "0": {
            "max": 3071.0,
            "mean": 349.2004699707031,
            "median": 277.0,
            "min": -1298.8603515625,
            "percentile_00_5": -245.0,
            "percentile_99_5": 1440.0,
            "std": 313.5351257324219
        }
    },
    "median_relative_size_after_cropping": 1.0,
    "shapes_after_crop": [
        [
            214,
            512,
            512
        ],
        [
            180,
            512,
            512
        ],
        [
            181,
            512,
            512
        ],
        [
            171,
            512,
            512
        ],
        [
            190,
            512,
            512
        ],
        [
            228,
            512,
            512
        ],
        [
            221,
            512,
            512
        ],
        [
            149,
            512,
            512
        ],
        [
            181,
            512,
            512
        ],
        [
            338,
            161,
            61
        ],
        [
            295,
            154,
            154
        ],
        [
            1189,
            915,
            121
        ],
        [
            325,
            250,
            38
        ],
        [
            459,
            459,
            66
        ],
        [
            186,
            186,
            40
        ],
        [
            291,
            291,
            58
        ],
        [
            216,
            216,
            74
        ],
        [
            234,
            234,
            88
        ],
        [
            198,
            198,
            50
        ],
        [
            175,
            175,
            57
        ],
        [
            453,
            392,
            392
        ],
        [
            363,
            183,
            115
        ],
        [
            272,
            204,
            62
        ],
        [
            640,
            492,
            110
        ],
        [
            512,
            512,
            38
        ],
        [
            196,
            196,
            80
        ],
        [
            579,
            445,
            132
        ],
        [
            688,
            512,
            512
        ],
        [
            252,
            381,
            381
        ],
        [
            256,
            256,
            71
        ],
        [
            372,
            250,
            250
        ],
        [
            619,
            365,
            365
        ],
        [
            669,
            369,
            369
        ],
        [
            541,
            382,
            382
        ],
        [
            315,
            512,
            512
        ],
        [
            497,
            312,
            312
        ],
        [
            219,
            182,
            182
        ],
        [
            346,
            300,
            300
        ],
        [
            269,
            187,
            187
        ],
        [
            211,
            183,
            183
        ],
        [
            509,
            168,
            168
        ],
        [
            637,
            350,
            350
        ],
        [
            472,
            427,
            427
        ],
        [
            195,
            152,
            152
        ],
        [
            227,
            199,
            199
        ],
        [
            300,
            153,
            61
        ],
        [
            489,
            191,
            67
        ],
        [
            619,
            357,
            357
        ],
        [
            149,
            171,
            171
        ],
        [
            670,
            391,
            391
        ],
        [
            158,
            158,
            68
        ],
        [
            636,
            194,
            61
        ],
        [
            345,
            191,
            52
        ],
        [
            542,
            512,
            512
        ],
        [
            740,
            768,
            768
        ],
        [
            665,
            768,
            768
        ],
        [
            722,
            512,
            512
        ],
        [
            688,
            512,
            512
        ],
        [
            589,
            512,
            512
        ],
        [
            993,
            512,
            512
        ],
        [
            610,
            512,
            512
        ],
        [
            678,
            512,
            512
        ],
        [
            528,
            512,
            512
        ],
        [
            699,
            512,
            512
        ],
        [
            621,
            512,
            512
        ],
        [
            1284,
            512,
            556
        ],
        [
            991,
            512,
            512
        ],
        [
            545,
            512,
            512
        ],
        [
            583,
            512,
            512
        ],
        [
            319,
            512,
            512
        ],
        [
            689,
            512,
            512
        ],
        [
            407,
            512,
            512
        ],
        [
            342,
            512,
            512
        ],
        [
            479,
            512,
            512
        ],
        [
            452,
            512,
            512
        ],
        [
            603,
            512,
            512
        ],
        [
            458,
            512,
            619
        ]
    ],