{
    "foreground_intensity_properties_per_channel": {
        "0": {
            "max": 245.0,
            "mean": 55.13430404663086,
            "median": 44.0,
            "min": 0.9981689453125,
            "percentile_00_5": 8.0,
            "percentile_99_5": 150.0,
            "std": 33.52920913696289
        }
    },
    "median_relative_size_after_cropping": 1.0,
    "shapes_after_crop": [
        [
            44,
            576,
            576
        ],
        [
            44,
            640,
            640
        ],
        [
            44,
            576,
            576
        ],
        [
            44,
            576,
            576
        ],
        [
            44,
            640,
            640
        ],
        [
            44,
            640,
            640
        ],
        [
            44,
            576,
            576
        ],
        [
            44,
            576,
            576
        ],
        [
            44,
            576,
            576
        ],
        [
            44,
            576,
            576
        ],
        [
            44,
            576,
            576
        ],
        [
            44,
            576,
            576
        ],
        [
            44,
            576,
            576
        ],
        [
            44,
            576,
            576
        ],
        [
            44,
            640,
            640
        ],
        [
            44,
            576,
            576
        ],
        [
            44,
            576,
            576
        ],
        [
            44,
            576,
            576
        ],
        [
            44,
            640,
            640
        ],
        [
            44,
            640,
            640
        ],
        [
            44,
            576,
            576
        ],
        [
            44,
            576,
            576
        ],
        [
            44,
            576,
            576
        ],
        [
            44,
            640,
            640
        ],
        [
            44,
            576,
            576
        ],
        [
            44,
            576,
            576
        ],
        [
            44,
            576,
            576
        ],
        [
            44,
            576,
            576
        ],
        [
            44,
            640,
            640
        ],
        [
            44,
            640,
            640
        ],
        [
            44,
            640,
            640
        ],
        [
            44,
            640,
            640
        ],
        [
            44,
            576,
            576
        ],
        [
            44,
            640,
            640
        ],
        [
            44,
            576,
            576
        ],
        [
            44,
            576,
            576
        ],
        [
            44,
            640,
            640
        ],
        [
            44,
            576,
            576
        ],
        [
            44,
            576,
            576
        ],
        [
            44,
            576,
            576
        ],
        [
            44,
            576,
            576
        ],
        [
            44,
            576,
            576
        ],
        [
            44,
            640,
            640
        ],
        [
            44,
            576,
            576
        ],
        [
            44,
            640,
            640
        ],
        [
            44,
            576,
            576
        ],
        [
            44,
            640,
            640
        ],
        [
            44,
            576,
            576
        ]
    ],
    "spacings": [
        [
            2.5,
            0.625,
            0.625
        ],
        [
            2.5,
            0.625,
            0.625
        ],
        [
            2.5,
            0.625,
            0.625
        ],
        [
            2.5,
            0.625,
            0.625
        ],
        [
            2.5,
            0.625,
            0.625
        ],
        [
            2.5,
            0.625,
            0.625
        ],
        [
            2.5,
            0.625,
            0.625
        ],
        [
            2.5,
            0.625,
            0.625
        ],
        [
            2.5,
            0.625,
            0.625
        ],
        [
            2.5,
            0.625,
            0.625
        ],
        [
            2.5,
            0.625,
            0.625
        ],
        [
            2.5,
            0.625,
            0.625
        ],
        [
            2.5,
            0.625,
            0.625
        ],
        [
            2.5,
            0.625,
            0.625
        ],
        [
            2.5,
            0.625,
            0.625
        ],
        [
            2.5,
            0.625,
            0.625
        ],
        [
            2.5,
            0.625,
            0.625
        ],
        [
            2.5,
            0.625,
            0.625
        ],
        [
            2.5,
            0.625,
            0.625
        ],
        [
            2.5,
            0.625,
            0.625
        ],
        [
            2.5,
            0.625,
            0.625
        ],
        [
            2.5,
            0.625,
            0.625
        ],
        [
            2.5,
            0.625,
            0.625
        ],
        [
            2.5,
            0.625,
            0.625
        ],
        [
            2.5,
            0.625,
            0.625
        ],
        [
            2.5,
            0.625,
            0.625
        ],
        [
            2.5,
            0.625,
            0.625
        ],
        [
            2.5,
            0.625,
            0.625
        ],
        [
            2.5,
            0.625,
            0.625
        ],
        [
            2.5,
            0.625,
            0.625
        ],
        [
            2.5,
            0.625,
            0.625
        ],
        [
            2.5,
            0.625,
            0.625
        ],
        [
            2.5,
            0.625,
            0.625
        ],
        [
            2.5,
            0.625,
            0.625
        ],
        [
            2.5,
            0.625,
            0.625
        ],
        [
            2.5,
            0.625,
            0.625
        ],
        [
            2.5,
            0.625,
            0.625
        ],
        [
            2.5,
            0.625,
            0.625
        ],
        [
            2.5,
            0.625,
            0.625
        ],
        [
            2.5,
            0.625,
            0.625
        ],
        [
            2.5,
            0.625,
            0.625
        ],
        [
            2.5,
            0.625,
            0.625
        ],
        [
            2.5,
            0.625,
            0.625
        ],
        [
            2.5,
            0.625,
            0.625
        ],
        [
            2.5,
            0.625,
            0.625
        ],
        [
            2.5,
            0.625,
            0.625
        ],
        [
            2.5,
            0.625,
            0.625
        ],
        [
            2.5,
            0.625,
            0.625
        ]
    ]
}