{
    "foreground_intensity_properties_per_channel": {
        "0": {
            "max": 14420.0,
            "mean": -137.3679656982422,
            "median": 75.0,
            "min": -4008.0,
            "percentile_00_5": -973.0,
            "percentile_99_5": 1217.015869140625,
            "std": 522.70263671875
        }
    },
    "median_relative_size_after_cropping": 1.0,
    "shapes_after_crop": [
        [
            75,
            512,
            512
        ],
        [
            123,
            512,
            512
        ],
        [
            501,
            512,
            512
        ],
        [
            683,
            512,
            512
        ],
        [
            677,
            512,
            512
        ],
        [
            683,
            512,
            512
        ],
        [
            781,
            512,
            512
        ],
        [
            986,
            512,
            512
        ],
        [
            771,
            512,
            512
        ],
        [
            856,
            512,
            512
        ],
        [
            756,
            512,
            512
        ],
        [
            816,
            512,
            512
        ],
        [
            751,
            512,
            512
        ],
        [
            836,
            512,
            512
        ],
        [
            846,
            512,
            512
        ],
        [
            908,
            512,
            512
        ],
        [
            836,
            512,
            512
        ],
        [
            427,
            512,
            512
        ],
        [
            461,
            512,
            512
        ],
        [
            424,
            512,
            512
        ],
        [
            422,
            512,
            512
        ],
        [
            407,
            512,
            512
        ],
        [
            410,
            512,
            512
        ],
        [
            401,
            512,
            512
        ],
        [
            987,
            512,
            512
        ],
        [
            654,
            512,
            512
        ],
        [
            338,
            512,
            512
        ],
        [
            605,
            512,
            512
        ],
        [
            624,
            512,
            512
        ],
        [
            299,
            512,
            512
        ],
        [
            299,
            512,
            512
        ],
        [
            547,
            512,
            512
        ],
        [
            540,
            512,
            512
        ],
        [
            560,
            512,
            512
        ],
        [
            707,
            512,
            512
        ],
        [
            685,
            512,
            512
        ],
        [
            552,
            512,
            512
        ],
        [
            588,
            512,
            512
        ],
        [
            689,
            512,
            512
        ],
        [
            574,
            512,
            512
        ],
        [
            437,
            512,
            512
        ],
        [
            247,
            512,
            512
        ],
        [
            517,
            512,
            512
        ],
        [
            536,
            512,
            512
        ],
        [
            845,
            512,
            512
        ],
        [
            391,
            512,
            512
        ],
        [
            276,
            512,
            512
        ],
        [
            601,
            512,
            512
        ],
        [
            668,
            512,
            512
        ],
        [
            129,
            512,
            512
        ],
        [
            172,
            512,
            512
        ],
        [
            534,
            512,
            512
        ],
        [
            200,
            512,
            512
        ],
        [
            91,
            512,
            512
        ],
        [
            139,
            512,
            512
        ],
        [
            135,
            512,
            512
        ],
        [
            151,
            512,
            512
        ],
        [
            124,
            512,
            512
        ],
        [
            111,
            512,
            512
        ],
        [
            122,
            512,
            512
        ],
        [
            132,
            512,
            512
        ],
        [
            260,
            512,
            512
        ],
        [
            113,
            512,
            512
        ],
        [
            125,
            512,
            512
        ],
        [
            155,
            512,
            512
        ],
        [
            119,
            512,
            512
        ],
        [
            74,
            512,
            512
        ],
        [
            225,
            512,
            512
        ],
        [
            244,
            512,
            512
        ],
        [
            537,
            512,
            512
        ],
        [
            227,
            512,
            512
        ],
        [
            237,
            512,
            512
        ],
        [
            105,
            512,
            512
        ],
        [
            96,
            512,
            512
        ],
        [
            192,
            512,
            512
        ],
        [
            239,
            512,
            512
        ],
        [
            366,
            512,
            512
        ],
        [
            212,
            512,
            512
        ],
        [
            216,
            512,
            512
        ],
        [
            518,
            512,
            512
        ],
        [
            244,
            512,
            512
        ],
        [
            193,
            512,
            512
        ],
        [
            188,
            512,
            512
        ],
        [
            230,
            512,
            512
        ],
        [
            165,
            512,
            512
        ],
        [
            266,
            512,
            512
        ],
        [
            245,
            512,
            512
        ],
        [
            541,
            512,
            512
        ],
        [
            333,
            512,
            512
        ],
        [
            93,
            512,
            512
        ],
        [
            121,
            512,
            512
        ],
        [
            89,
            512,
            512
        ],
        [
            168,
            512,
            512
        ],
        [
            94,
            512,
            512
        ],
        [
            198,
            512,
            512
        ],
        [
            541,
            512,
            512
        ],
        [
            217,
            512,
            512
        ],
        [
            519,
            512,
            512
        ],
        [
            871,
            512,
            512
        ],
        [
            733,
            512,
            512
        ],
        [
            630,
            512,
            512
        ],
        [
            647,
            512,
            512
        ],
        [
            896,
            512,
            512
        ],
        [
            811,
            512,
            512
        ],
        [
            766,
            512,
            512
        ],
        [
            549,
            512,
            512
        ],
        [
            751,
            512,
            512
        ],
