{
    "foreground_intensity_properties_per_channel": {
        "0": {
            "max": 3000.0,
            "mean": 181.11175537109375,
            "median": 69.0,
            "min": -1000.0,
            "percentile_00_5": -171.0,
            "percentile_99_5": 1526.0,
            "std": 324.6125793457031
        }
    },
    "median_relative_size_after_cropping": 1.0,
    "shapes_after_crop": [
        [
            204,
            1024,
            1024
        ],
        [
            184,
            1024,
            1024
        ],
        [
            141,
            512,
            512
        ],
        [
            132,
            1024,
            1024
        ],
        [
            116,
            1024,
            1024
        ],
        [
            143,
            1024,
            1024
        ],
        [
            136,
            1024,
            1024
        ],
        [
            138,
            1024,
            1024
        ],
        [
            140,
            1024,
            1024
        ],
        [
            124,
            1024,
            1024
        ],
        [
            201,
            512,
            512
        ],
        [
            122,
            512,
            512
        ],
        [
            215,
            1024,
            1024
        ],
        [
            198,
            512,
            512
        ],
        [
            185,
            1024,
            1024
        ],
        [
            187,
            1024,
            1024
        ],
        [
            196,
            1024,
            1024
        ],
        [
            202,
            1024,
            1024
        ],
        [
            200,
            1024,
            1024
        ],
        [
            323,
            1024,
            1024
        ],
        [
            233,
            1024,
            1024
        ],
        [
            185,
            512,
            512
        ],
        [
            210,
            1024,
            1024
        ],
        [
            209,
            1024,
            1024
        ],
        [
            200,
            1024,
            1024
        ],
        [
            206,
            1024,
            1024
        ],
        [
            189,
            1024,
            1024
        ],
        [
            186,
            1024,
            1024
        ],
        [
            204,
            1024,
            1024
        ],
        [
            202,
            1024,
            1024
        ],
        [
            189,
            1024,
            1024
        ],
        [
            197,
            1024,
            1024
        ],
        [
            205,
            1024,
            1024
        ]
    ],
    "spacings": [
        [
            2.0,
            0.6826171875,
            0.6826171875
        ],
        [
            2.0,
            0.5986328125,
            0.5986328125
        ],
        [
            3.0,
            1.5625,
            1.5625
        ],
        [
            3.0,
            0.5341796875,
            0.5341796875
        ],
        [
            3.0,
            0.5732421875,
            0.5732421875
        ],
        [
            3.0,
            0.6669921875,
            0.6669921875
        ],
        [
            3.000000476837158,
            0.6064453125,
            0.6064453125
        ],
        [
            3.0,
            0.5576171875,
            0.5576171875
        ],
        [
            3.0,
            0.5244140625,
            0.5244140625
        ],
        [
            3.0,
            0.5791015625,
            0.5791015625
        ],
        [
            3.0,
            0.9765625,
            0.9765625
        ],
        [
            3.0,
            1.216796875,
            1.216796875
        ],
        [
            2.0,
            0.662109375,
            0.662109375
        ],
        [
            2.0,
            0.9765625,
            0.9765625
        ],
        [
            2.0,
            0.6298828125,
            0.6298828125
        ],
        [
            1.9999996423721313,
            0.677734375,
            0.677734375
        ],
        [
            2.0,
            0.68359375,
            0.68359375
        ],
        [
            2.0,
            0.6728515625,
            0.6728515625
        ],
        [
            2.0,
            0.603515625,
            0.603515625
        ],
        [
            2.000000238418579,
            0.6826171875,
            0.6826171875
        ],
        [
            2.000000238418579,
            0.6640625,
            0.6640625
        ],
        [
            2.0,
            0.9765625,
            0.9765625
        ],
        [
            2.000000238418579,
            0.68359375,
            0.68359375
        ],
        [
            2.000000238418579,
            0.6708984375,
            0.6708984375
        ],
        [
            2.0,
            0.68359375,
            0.68359375
        ],
        [
            1.999999761581421,
            0.6162109375,
            0.6162109375
        ],
        [
            2.0,
            0.611328125,
            0.611328125
        ],
        [
            1.9999996423721313,
            0.5634765625,
            0.5634765625
        ],
        [
            2.0,
            0.5224609375,
            0.5224609375
        ],
        [
            1.9999996423721313,
            0.6220703125,
            0.6220703125
        ],
        [
            2.0,
            0.5859375,
            0.5859375
        ],
        [
            2.0,
            0.55859375,
            0.55859375
        ],
        [
            2.0,
            0.65625,
            0.65625
        ]
    ]
}