{
    "foreground_intensity_properties_per_channel": {
        "0": {
            "max": 2612.0,
            "mean": 41.29510600573548,
            "median": 64.0,
            "min": -987.0,
            "percentile_00_5": -776.0,
            "percentile_99_5": 419.0,
            "std": 188.5445024834478
        }
    },
    "median_relative_size_after_cropping": 1.0,
    "shapes_after_crop": [
        [
            201,
            512,
            512
        ],
        [
            185,
            512,
            512
        ],
        [
            217,
            512,
            512
        ],
        [
            232,
            512,
            512
        ],
        [
            197,
            512,
            512
        ],
        [
            273,
            512,
            512
        ],
        [
            237,
            512,
            512
        ],
        [
            204,
            512,
            512
        ],
        [
            178,
            512,
            512
        ],
        [
            189,
            512,
            512
        ],
        [
            217,
            512,
            512
        ],
        [
            250,
            512,
            512
        ],
        [
            235,
            512,
            512
        ],
        [
            452,
            512,
            512
        ],
        [
            370,
            512,
            512
        ],
        [
            424,
            512,
            512
        ],
        [
            217,
            512,
            512
        ],
        [
            185,
            512,
            512
        ],
        [
            297,
            512,
            512
        ],
        [
            139,
            512,
            512
        ],
        [
            221,
            512,
            512
        ],
        [
            277,
            512,
            512
        ],
        [
            183,
            512,
            512
        ],
        [
            197,
            512,
            512
        ],
        [
            205,
            512,
            512
        ],
        [
            435,
            512,
            512
        ],
        [
            189,
            512,
            512
        ],
        [
            451,
            512,
            512
        ]
    ],
    "spacings": [
        [
            1.0,
            0.6191409826278687,
            0.6191409826278687
        ],
        [
            1.0,
            0.5859379768371582,
            0.5859379768371582
        ],
        [
            1.0,
            0.6328129768371582,
            0.6328129768371582
        ],
        [
            1.0,
            0.5859379768371582,
            0.5859379768371582
        ],
        [
            1.0,
            0.6191409826278687,
            0.6191409826278687
        ],
        [
            1.0,
            0.7851560115814209,
            0.7851560115814209
        ],
        [
            1.0,
            0.5488280057907104,
            0.5488280057907104
        ],
        [
            1.0,
            0.6640629768371582,
            0.6640629768371582
        ],
        [
            1.0,
            0.5859379768371582,
            0.5859379768371582
        ],
        [
            1.0,
            0.6738280057907104,
            0.6738280057907104
        ],
        [
            1.0,
            0.5859379768371582,
            0.5859379768371582
        ],
        [
            1.0,
            0.6171879768371582,
            0.6171879768371582
        ],
        [
            1.0,
            0.6445310115814209,
            0.6445310115814209
        ],
        [
            0.5,
            0.6972659826278687,
            0.6972659826278687
        ],
        [
            0.5,
            0.6503909826278687,
            0.6503909826278687
        ],
        [
            0.5,
            0.6484379768371582,
            0.6484379768371582
        ],
        [
            1.0,
            0.6367189884185791,
            0.6367189884185791
        ],
        [
            1.0,
            0.6484379768371582,
            0.6484379768371582
        ],
        [
            1.0,
            0.6972659826278687,
            0.6972659826278687
        ],
        [
            1.5,
            0.5683590173721313,
            0.5683590173721313
        ],
        [
            1.0,
            0.5214840173721313,
            0.5214840173721313
        ],
        [
            1.0,
            0.7246090173721313,
            0.7246090173721313
        ],
        [
            1.0,
            0.5859379768371582,
            0.5859379768371582
        ],
        [
            1.0,
            0.6503909826278687,
            0.6503909826278687
        ],
        [
            1.0,
            0.5976560115814209,
            0.5976560115814209
        ],
        [
            0.5,
            0.5859379768371582,
            0.5859379768371582
        ],
        [
            1.0,
            0.7089840173721313,
            0.7089840173721313
        ],
        [
            0.5,
            0.6933590173721313,
            0.6933590173721313
        ]
    ]
}