{
    "foreground_intensity_properties_per_channel": {
        "0": {
            "max": 3258.0,
            "mean": 847.4730224609375,
            "median": 641.0,
            "min": 0.0,
            "percentile_00_5": 50.0,
            "percentile_99_5": 2266.0,
            "std": 571.7877197265625
        }
    },
    "median_relative_size_after_cropping": 0.996875,
    "shapes_after_crop": [
        [
            18,
            307,
            320
        ],
        [
            20,
            320,
            319
        ],
        [
            18,
            319,
            319
        ],
        [
            24,
            320,
            319
        ],
        [
            15,
            304,
            320
        ],
        [
            15,
            319,
            319
        ],
        [
            20,
            320,
            320
        ],
        [
            20,
            320,
            319
        ],
        [
            20,
            320,
            320
        ],
        [
            20,
            320,
            319
        ],
        [
            18,
            310,
            319
        ],
        [
            20,
            320,
            319
        ],
        [
            20,
            320,
            320
        ],
        [
            20,
            320,
            319
        ],
        [
            18,
            319,
            319
        ],
        [
            20,
            320,
            319
        ],
        [
            18,
            307,
            319
        ],
        [
            20,
            320,
            319
        ],
        [
            18,
            256,
            256
        ],
        [
            18,
            255,
            255
        ],
        [
            20,
            320,
            320
        ],
        [
            20,
            320,
            319
        ],
        [
            20,
            320,
            320
        ],
        [
            20,
            320,
            319
        ],
        [
            18,
            319,
            319
        ],
        [
            20,
            320,
            319
        ],
        [
            19,
            319,
            319
        ],
        [
            19,
            320,
            319
        ],
        [
            11,
            324,
            331
        ],
        [
            11,
            383,
            383
        ],
        [
            18,
            319,
            319
        ],
        [
            20,
            320,
            319
        ],
        [
            18,
            278,
            319
        ],
        [
            20,
            320,
            319
        ],
        [
            15,
            319,
            320
        ],
        [
            15,
            319,
            319
        ],
        [
            18,
            319,
            319
        ],
        [
            20,
            320,
            319
        ],
        [
            15,
            256,
            256
        ],
        [
            15,
            255,
            255
        ],
        [
            18,
            319,
            319
        ],
        [
            20,
            320,
            319
        ],
        [
            15,
            320,
            320
        ],
        [
            15,
            319,
            319
        ],
        [
            18,
            281,
            319
        ],
        [
            20,
            320,
            319
        ],
        [
            18,
            256,
            256
        ],
        [
            18,
            255,
            255
        ],
        [
            18,
            287,
            319
        ],
        [
            22,
            320,
            319
        ],
        [
            18,
            310,
            320
        ],
        [
            20,
            320,
            319
        ]
    ],