{
    "foreground_intensity_properties_per_channel": {
        "0": {
            "max": 1996.0,
            "mean": 1077.743896484375,
            "median": 1083.0,
            "min": 165.0,
            "percentile_00_5": 590.0,
            "percentile_99_5": 1533.0,
            "std": 165.45106506347656
        }
    },
    "median_relative_size_after_cropping": 0.725,
    "shapes_after_crop": [
        [
            130,
            320,
            232
        ],
        [
            110,
            320,
            232
        ],
        [
            120,
            320,
            232
        ],
        [
            100,
            315,
            232
        ],
        [
            120,
            320,
            232
        ],
        [
            120,
            320,
            232
        ],
        [
            90,
            316,
            196
        ],
        [
            120,
            320,
            232
        ],
        [
            122,
            320,
            232
        ],
        [
            100,
            320,
            224
        ],
        [
            110,
            320,
            200
        ],
        [
            110,
            320,
            244
        ],
        [
            110,
            320,
            232
        ],
        [
            120,
            320,
            232
        ],
        [
            120,
            320,
            232
        ],
        [
            109,
            320,
            232
        ]
    ],
    "spacings": [
        [
            1.3700000047683716,
            1.25,
            1.25
        ],
        [
            1.3700000047683716,
            1.25,
            1.25
        ],
        [
            1.3700000047683716,
            1.25,
            1.25
        ],
        [
            1.3700000047683716,
            1.25,
            1.25
        ],
        [
            1.3700000047683716,
            1.25,
            1.25
        ],
        [
            1.3700000047683716,
            1.25,
            1.25
        ],
        [
            1.3700000047683716,
            1.25,
            1.25
        ],
        [
            1.3700000047683716,
            1.25,
            1.25
        ],
        [
            1.3700000047683716,
            1.25,
            1.25
        ],
        [
            1.3700000047683716,
            1.25,
            1.25
        ],
        [
            1.3700000047683716,
            1.25,
            1.25
        ],
        [
            1.3700000047683716,
            1.25,
            1.25
        ],
        [
            1.3700000047683716,
            1.25,
            1.25
        ],
        [
            1.3700000047683716,
            1.25,
            1.25
        ],
        [
            1.3700000047683716,
            1.25,
            1.25
        ],
        [
            1.3700000047683716,
            1.25,
            1.25
        ]
    ]
}