{
    "foreground_intensity_properties_per_channel": {
        "0": {
            "max": 1354.0,
            "mean": 251.72743225097656,
            "median": 239.0,
            "min": 0.0,
            "percentile_00_5": 28.0,
            "percentile_99_5": 624.0,
            "std": 143.58099365234375
        }
    },
    "median_relative_size_after_cropping": 0.9955517578125,
    "shapes_after_crop": [
        [
            11,
            511,
            479
        ],
        [
            11,
            511,
            479
        ],
        [
            11,
            511,
            479
        ],
        [
            11,
            511,
            479
        ],
        [
            11,
            511,
            479
        ],
        [
            11,
            511,
            479
        ],
        [
            11,
            511,
            479
        ],
        [
            11,
            511,
            479
        ],
        [
            12,
            416,
            511
        ],
        [
            12,
            416,
            511
        ],
        [
            12,
            416,
            511
        ],
        [
            12,
            416,
            511
        ],
        [
            12,
            416,
            511
        ],
        [
            12,
            416,
            511
        ],
        [
            11,
            511,
            511
        ],
        [
            11,
            511,
            511
        ],
        [
            11,
            511,
            399
        ],
        [
            11,
            511,
            399
        ],
        [
            11,
            511,
            399
        ],
        [
            11,
            511,
            399
        ],
        [
            11,
            511,
            399
        ],
        [
            11,
            511,
            399
        ],
        [
            13,
            511,
            511
        ],
        [
            13,
            511,
            511
        ],
        [
            13,
            511,
            399
        ],
        [
            13,
            511,
            399
        ],
        [
            13,
            511,
            399
        ],
        [
            13,
            511,
            399
        ],
        [
            11,
            511,
            510
        ],
        [
            11,
            511,
            510
        ],
        [
            11,
            511,
            511
        ],
        [
            11,
            511,
            511
        ],
        [
            12,
            511,
            511
        ],
        [
            12,
            511,
            511
        ],
        [
            12,
            511,
            399
        ],
        [
            12,
            511,
            399
        ],
        [
            10,
            447,
            431
        ],
        [
            10,
            447,
            431
        ],
        [
            10,
            447,
            431
        ],
        [
            10,
            447,
            431
        ],
        [
            10,
            447,
            431
        ],
        [
            10,
            447,
            431
        ],
        [
            11,
            511,
            511
        ],
        [
            11,
            511,
            511
        ],
        [
            11,
            511,
            399
        ],
        [
            11,
            511,
            399
        ],
        [
            11,
            511,
            399
        ],
        [
            11,
            511,
            399
        ],
        [
            11,
            511,
            399
        ],
        [
            11,
            511,
            399
        ],
        [
            11,
            511,
            415
        ],
        [
            11,
            511,
            415
        ],
        [
            10,
            511,
            510
        ],
        [
            10,
            511,
            510
        ],
        [
            10,
            511,
            399
        ],
        [
            10,
            511,
            399
        ],
        [
            11,
            511,
            510
        ],
        [
            11,
            511,
            510
        ],
        [
            11,
            511,
            510
        ],
        [
            11,
            511,
            510
        ],
        [
            11,
            511,
            399
        ],
        [
            11,
            511,
            399
        ],
        [
            11,
            511,
            399
        ],
        [
            11,
            511,
            399
        ],
        [
            11,
            511,
            399
        ],
        [
            11,
            511,
            399
        ],
        [
            10,
            447,
            407
        ],
        [
            10,
            447,
            407
        ],
        [
            11,
            511,
            510
        ],
        [
            11,
            511,
            510
        ],
        [
            11,
            511,
            399
        ],
        [
            11,
            511,
            399
        ],
        [
            11,
            511,
            399
        ],
        [
            11,
            511,
            399
        ],
        [
            11,
            511,
            510
        ],
        [
            11,
            511,
            510
        ],
        [
            11,
            511,
            399
        ],
        [
            11,
            511,
            399
        ],
        [
            11,
            511,
            399
        ],
        [
            11,
            511,
            399
        ],
        [
            11,
            511,
            399
        ],
        [
            11,
            511,
            399
        ],
        [
            10,
            511,
            511
        ],
        [
            10,
            511,
            511
        ],
        [
            10,
            511,
            511
        ],
        [
            10,
            511,
            511
        ],
        [
            10,
            511,
            511
        ],
        [
            10,
            511,
            511
        ],
        [
            10,
            511,
            511
        ],
        [
            10,
            511,
            511
        ],
        [
            9,
            511,
            511
        ],
        [
            9,
            511,
            511
        ],
        [
            9,
            511,
            511
        ],
        [
            9,
            511,
            511
        ],
        [
            9,
            511,
            511
        ],
        [
            9,
            511,
            511
        ],
        [
            9,
            511,
            511
        ],
        [
            9,
            511,
            511
        ],
        [
            11,
            511,
            399
        ],
        [
            11,
            511,
            399
        ],
        [
            11,
            511,
            399
        ],
        [
            11,
            511,
            399
        ],
        [
            11,
            511,
            511
        ],
        [
            11,
            511,
            511
        ],
        [
            11,
            511,
            399
        ],
        [
            11,
            511,
            399
        ],
        [
            11,
            511,
            399
        ],
        [
            11,
            511,
            399
        ],
        [
            11,
