{
    "foreground_intensity_properties_per_channel": {
        "0": {
            "max": 3075.09521484375,
            "mean": 238.82174682617188,
            "median": 25.048095703125,
            "min": -840.8170166015625,
            "percentile_00_5": -120.09698486328125,
            "percentile_99_5": 1636.658203125,
            "std": 446.8758239746094
        }
    },
    "median_relative_size_after_cropping": 1.0,
    "shapes_after_crop": [
        [
            130,
            512,
            512
        ],
        [
            144,
            512,
            512
        ],
        [
            138,
            512,
            512
        ],
        [
            159,
            512,
            512
        ],
        [
            145,
            512,
            512
        ],
        [
            128,
            512,
            512
        ],
        [
            130,
            512,
            512
        ],
        [
            130,
            512,
            512
        ],
        [
            160,
            512,
            512
        ],
        [
            76,
            512,
            512
        ],
        [
            115,
            512,
            512
        ],
        [
            272,
            512,
            512
        ],
        [
            129,
            512,
            512
        ],
        [
            150,
            512,
            512
        ],
        [
            136,
            512,
            512
        ],
        [
            130,
            512,
            512
        ],
        [
            176,
            512,
            512
        ],
        [
            119,
            512,
            512
        ],
        [
            160,
            512,
            512
        ],
        [
            194,
            512,
            512
        ],
        [
            126,
            512,
            512
        ],
        [
            181,
            512,
            512
        ],
        [
            170,
            512,
            512
        ],
        [
            124,
            512,
            512
        ],
        [
            360,
            512,
            512
        ],
        [
            125,
            512,
            512
        ],
        [
            181,
            512,
            512
        ],
        [
            176,
            512,
            512
        ],
        [
            263,
            512,
            512
        ],
        [
            204,
            512,
            512
        ],
        [
            135,
            512,
            512
        ],
        [
            165,
            512,
            512
        ],
        [
            146,
            512,
            512
        ],
        [
            137,
            512,
            512
        ],
        [
            131,
            512,
            512
        ],
        [
            109,
            512,
            512
        ],
        [
            131,
            512,
            512
        ],
        [
            124,
            512,
            512
        ]
    ],
    "spacings": [
        [
            3.0,
            1.0800000429153442,
            1.0800000429153442
        ],
        [
            3.0,
            1.149999976158142,
            1.149999976158142
        ],
        [
            3.0,
            1.1699999570846558,
            1.1699999570846558
        ],
        [
            2.5,
            1.0099999904632568,
            1.0099999904632568
        ],
        [
            2.5,
            0.9800000190734863,
            0.9800000190734863
        ],
        [
            3.0,
            1.159999966621399,
            1.159999966621399
        ],
        [
            3.0,
            1.1699999570846558,
            1.1699999570846558
        ],
        [
            3.0,
            1.1699999570846558,
            1.1699999570846558
        ],
        [
            2.4993746280670166,
            0.9399999976158142,
            0.9399999976158142
        ],
        [
            3.0,
            0.8799999952316284,
            0.8799999952316284
        ],
        [
            3.0,
            1.1699999570846558,
            1.1699999570846558
        ],
        [
            1.249632716178894,
            0.7599999904632568,
            0.7599999904632568
        ],
        [
            3.0,
            0.8999999761581421,
            0.8999999761581421
        ],
        [
            2.498666524887085,
            0.9399999976158142,
            0.9399999976158142
        ],
        [
            2.5,
            0.9399999976158142,
            0.9399999976158142
        ],
        [
            3.0,
            1.1699999570846558,
            1.1699999570846558
        ],
        [
            2.5,
            0.9800000190734863,
            0.9800000190734863
        ],
        [
            2.5,
            0.9800000190734863,
            0.9800000190734863
        ],
        [
            2.5,
            0.9399999976158142,
            0.9399999976158142
        ],
        [
            3.0,
            0.9800000190734863,
            0.9800000190734863
        ],
        [
            3.0,
            1.1799999475479126,
            1.1799999475479126
        ],
        [
            3.0,
            0.9800000190734863,
            0.9800000190734863
        ],
        [
            2.5,
            0.9700000286102295,
            0.9700000286102295
        ],
        [
            3.0,
            1.1699999570846558,
            1.1699999570846558
        ],
        [
            1.25,
            1.1699999570846558,
            1.1699999570846558
        ],
        [
            2.500800371170044,
            0.9800000190734863,
            0.9800000190734863
        ],
        [
            2.5,
            1.25,
            1.25
        ],
        [
            2.500000238418579,
            0.9800000190734863,
            0.9800000190734863
        ],
        [
            2.0,
            0.9800000190734863,
            0.9800000190734863
        ],
        [
            2.4999992847442627,
            0.9800000190734863,
            0.9800000190734863
        ],
        [
            3.0,
            1.1699999570846558,
            1.1699999570846558
        ],
        [
            2.499999761581421,
            1.1799999475479126,
            1.1799999475479126
        ],
        [
            2.499999761581421,
            1.1200000047683716,
            1.1200000047683716
        ],
        [
            2.5,
            1.1100000143051147,
            1.1100000143051147
        ],
        [
            3.0,
            1.1699999570846558,
            1.1699999570846558
        ],
        [
            3.0,
            0.9800000190734863,
            0.9800000190734863
        ],
        [
            3.0,
            1.1699999570846558,
            1.1699999570846558
        ],
        [
            3.0,
            0.9800000190734863,
            0.9800000190734863
        ]
    ]
}