{
    "foreground_intensity_properties_per_channel": {
        "0": {
            "max": 1038.0,
            "mean": 93.8961410522461,
            "median": 98.0,
            "min": -620.0,
            "percentile_00_5": -44.0,
            "percentile_99_5": 176.0,
            "std": 40.29916000366211
        }
    },
    "median_relative_size_after_cropping": 1.0,
    "shapes_after_crop": [
        [
            55,
            512,
            512
        ],
        [
            168,
            512,
            512
        ],
        [
            77,
            512,
            512
        ],
        [
            54,
            512,
            512
        ],
        [
            61,
            512,
            512
        ],
        [
            95,
            512,
            512
        ],
        [
            164,
            512,
            512
        ],
        [
            90,
            512,
            512
        ],
        [
            168,
            512,
            512
        ],
        [
            89,
            512,
            512
        ],
        [
            148,
            512,
            512
        ],
        [
            94,
            512,
            512
        ],
        [
            65,
            512,
            512
        ],
        [
            44,
            512,
            512
        ],
        [
            103,
            512,
            512
        ],
        [
            40,
            512,
            512
        ],
        [
            56,
            512,
            512
        ],
        [
            83,
            512,
            512
        ],
        [
            100,
            512,
            512
        ],
        [
            93,
            512,
            512
        ],
        [
            94,
            512,
            512
        ],
        [
            112,
            512,
            512
        ],
        [
            99,
            512,
            512
        ],
        [
            88,
            512,
            512
        ],
        [
            61,
            512,
            512
        ],
        [
            156,
            512,
            512
        ],
        [
            50,
            512,
            512
        ],
        [
            97,
            512,
            512
        ],
        [
            101,
            512,
            512
        ],
        [
            80,
            512,
            512
        ],
        [
            60,
            512,
            512
        ],
        [
            31,
            512,
            512
        ],
        [
            41,
            512,
            512
        ]
    ],
    "spacings": [
        [
            5.0,
            0.9765620231628418,
            0.9765620231628418
        ],
        [
            1.5,
            0.7539060115814209,
            0.7539060115814209
        ],
        [
            2.5,
            0.7421879768371582,
            0.7421879768371582
        ],
        [
            5.0,
            0.8515620231628418,
            0.8515620231628418
        ],
        [
            8.0,
            0.7929689884185791,
            0.7929689884185791
        ],
        [
            2.5,
            0.6132810115814209,
            0.6132810115814209
        ],
        [
            1.5,
            0.9667969942092896,
            0.9667969942092896
        ],
        [
            5.0,
            0.7949219942092896,
            0.7949219942092896
        ],
        [
            1.5,
            0.9335939884185791,
            0.9335939884185791
        ],
        [
            2.5,
            0.7265620231628418,
            0.7265620231628418
        ],
        [
            1.5,
            0.96875,
            0.96875
        ],
        [
            5.0,
            0.734375,
            0.734375
        ],
        [
            5.0,
            0.6835939884185791,
            0.6835939884185791
        ],
        [
            5.0,
            0.9375,
            0.9375
        ],
        [
            5.0,
            0.859375,
            0.859375
        ],
        [
            5.0,
            0.7382810115814209,
            0.7382810115814209
        ],
        [
            5.0,
            0.7402340173721313,
            0.7402340173721313
        ],
        [
            5.0,
            0.9238280057907104,
            0.9238280057907104
        ],
        [
            5.0,
            0.8886719942092896,
            0.8886719942092896
        ],
        [
            5.0,
            0.75,
            0.75
        ],
        [
            5.0,
            0.90625,
            0.90625
        ],
        [
            4.0,
            0.9609379768371582,
            0.9609379768371582
        ],
        [
            5.0,
            0.6328120231628418,
            0.6328120231628418
        ],
        [
            5.0,
            0.7851560115814209,
            0.7851560115814209
        ],
        [
            4.0,
            0.8535159826278687,
            0.8535159826278687
        ],
        [
            3.0,
            0.8359379768371582,
            0.8359379768371582
        ],
        [
            5.0,
            0.9511719942092896,
            0.9511719942092896
        ],
        [
            5.0,
            0.7929689884185791,
            0.7929689884185791
        ],
        [
            5.0,
            0.7734379768371582,
            0.7734379768371582
        ],
        [
            5.0,
            0.6757810115814209,
            0.6757810115814209
        ],
        [
            5.0,
            0.7519530057907104,
            0.7519530057907104
        ],
        [
            7.5,
            0.7851560115814209,
            0.7851560115814209
        ],
        [
            5.0,
            0.7441409826278687,
            0.7441409826278687
        ]
    ]
}