{
    "foreground_intensity_properties_per_channel": {
        "0": {
            "max": 198.0,
            "mean": 50.764076232910156,
            "median": 42.0,
            "min": 0.0,
            "percentile_00_5": 10.0,
            "percentile_99_5": 143.00184631347656,
            "std": 28.316524505615234
        }
    },
    "median_relative_size_after_cropping": 1.0,
    "shapes_after_crop": [
        [
            44,
            640,
            640
        ],
        [
            44,
            640,
            640
        ],
        [
            44,
            640,
            640
        ],
        [
            44,
            640,
            640
        ],
        [
            44,
            576,
            576
        ],
        [
            44,
            640,
            640
        ],
        [
            44,
            576,
            576
        ],
        [
            44,
            576,
            576
        ],
        [
            88,
            576,
            576
        ],
        [
            44,
            640,
            640
        ],
        [
            44,
            576,
            576
        ],
        [
            44,
            640,
            640
        ],
        [
            44,
            640,
            640
        ],
        [
            44,
            640,
            640
        ],
        [
            44,
            640,
            640
        ],
        [
            44,
            576,
            576
        ],
        [
            44,
            576,
            576
        ],
        [
            88,
            640,
            640
        ],
        [
            44,
            576,
            576
        ],
        [
            44,
            640,
            640
        ],
        [
            44,
            576,
            576
        ],
        [
            44,
            576,
            576
        ],
        [
            44,
            640,
            640
        ],
        [
            44,
            576,
            576
        ],
        [
            44,
            576,
            576
        ],
        [
            44,
            640,
            640
        ],
        [
            44,
            576,
            576
        ],
        [
            88,
            576,
            576
        ],
        [
            88,
            576,
            576
        ],
        [
            88,
            576,
            576
        ],
        [
            88,
            576,
            576
        ],
        [
            44,
            576,
            576
        ],
        [
            88,
            640,
            640
        ],
        [
            88,
            640,
            640
        ],
        [
            88,
            640,
            640
        ],
        [
            44,
            576,
            576
        ],
        [
            88,
            576,
            576
        ],
        [
            88,
            640,
            640
        ],
        [
            88,
            640,
            640
        ],
        [
            88,
            576,
            576
        ],
        [
            44,
            576,
            576
        ],
        [
            88,
            576,
            576
        ],
        [
            88,
            576,
            576
        ],
        [
            88,
            640,
            640
        ],
        [
            88,
            640,
            640
        ],
        [
            88,
            576,
            576
        ],
        [
            44,
            640,
            640
        ],
        [
            88,
            640,
            640
        ],
        [
            44,
            640,
            640
        ],
        [
            44,
            576,
            576
        ],
        [
            44,
            576,
            576
        ],
        [
            44,
            576,
            576
        ],
        [
            44,
            640,
            640
        ],
        [
            44,
            576,
            576
        ],
        [
            44,
            576,
            576
        ],
        [
            44,
            640,
            640
        ],
        [
            44,
            576,
            576
        ],
        [
            44,
            576,
            576
        ],
        [
            44,
            640,
            640
        ],
        [
            44,
            640,
            640
        ],
        [
            44,
            576,
            576
        ],
        [
            44,
            640,
            640
        ],
        [
            88,
            640,
            640
        ],
        [
            44,
            576,
            576
        ],
        [
            44,
            640,
            640
        ],
        [
            44,
            640,
            640
        ],
        [
            44,
            640,
            640
        ],
        [
            44,
            640,
            640
        ],
        [
            44,
            576,
            576
        ],
        [
            44,
            576,
            576
        ],
        [
            44,
            640,
            640
        ],
        [
            44,
            576,
            576
        ],
        [
            88,
            640,
            640
        ],
        [
            44,
            576,
            576
        ],
        [
            44,
            576,
            576
        ],
        [
            44,
            640,
            640
        ],
        [
            44,
            576,
            576
        ],
        [
            44,
            640,
            640
        ],
        [
            44,
            640,
            640
        ],
        [
            44,
            576,
            576
        ],
        [
            44,
            640,
            640
        ],
        [
            44,
            640,
            640
        ],
        [
            44,
            640,
            640
        ],
        [
            44,
            640,
            640
        ],
        [
            44,
            576,
            576
        ],
        [
            44,
            640,
            640
        ],
        [
            44,
            576,
            576
        ],
        [
            44,
            640,
            640
        ],
        [
            44,
            576,
            576
        ],
        [
            44,
            640,
            640
        ],
        [
            44,
            640,
            640
        ],
        [
            44,
            640,
            640
        ],
        [
            44,
            576,
            576
        ],
        [
            44,
            576,
            576
        ],
        [
            44,
            640,
            640
        ],
        [
            88,
            640,
            640
        ],
        [
            44,
            640,
            640
        ],
        [
            44,
            640,
            640
        ],
        [
            44,
            640,
            640
        ],
        [
            44,
            640,
            640
        ],
        [
            44,
            640,
            640
        ],
        [
            44,
            576,
            576
        ],
        [
            44,
            576,
            576
        ],
        [
            88,
            576,
            576
        ]
    ],