{
    "foreground_intensity_properties_per_channel": {
        "0": {
            "max": 2617.0,
            "mean": 27.56439208984375,
            "median": 59.0,
            "min": -1024.0,
            "percentile_00_5": -964.0,
            "percentile_99_5": 902.0,
            "std": 316.41552734375
        }
    },
    "median_relative_size_after_cropping": 1.0,
    "shapes_after_crop": [
        [
            127,
            1024,
            1024
        ],
        [
            137,
            1024,
            1024
        ],
        [
            121,
            1024,
            1024
        ],
        [
            120,
            1024,
            1024
        ],
        [
            121,
            1024,
            1024
        ],
        [
            130,
            1024,
            1024
        ],
        [
            115,
            1024,
            1024
        ],
        [
            133,
            1024,
            1024
        ],
        [
            122,
            1024,
            1024
        ],
        [
            123,
            1024,
            1024
        ],
        [
            130,
            1024,
            1024
        ],
        [
            133,
            1024,
            1024
        ],
        [
            131,
            1024,
            1024
        ],
        [
            145,
            1024,
            1024
        ],
        [
            130,
            1024,
            1024
        ],
        [
            137,
            1024,
            1024
        ],
        [
            108,
            1024,
            1024
        ],
        [
            140,
            1024,
            1024
        ],
        [
            169,
            1024,
            1024
        ],
        [
            114,
            1024,
            1024
        ],
        [
            121,
            1024,
            1024
        ],
        [
            121,
            1024,
            1024
        ],
        [
            123,
            1024,
            1024
        ],
        [
            143,
            1024,
            1024
        ],
        [
            133,
            1024,
            1024
        ],
        [
            113,
            1024,
            1024
        ],
        [
            114,
            1024,
            1024
        ],
        [
            130,
            1024,
            1024
        ],
        [
            131,
            1024,
            1024
        ],
        [
            132,
            1024,
            1024
        ],
        [
            125,
            1024,
            1024
        ],
        [
            119,
            1024,
            1024
        ],
        [
            125,
            1024,
            1024
        ],
        [
            127,
            1024,
            1024
        ],
        [
            134,
            1024,
            1024
        ],
        [
            138,
            1024,
            1024
        ],
        [
            127,
            1024,
            1024
        ],
        [
            111,
            1024,
            1024
        ],
        [
            115,
            1024,
            1024
        ],
        [
            126,
            1024,
            1024
        ],
        [
            120,
            1024,
            1024
        ],
        [
            133,
            1024,
            1024
        ],
        [
            129,
            1024,
            1024
        ],
        [
            123,
            1024,
            1024
        ],
        [
            136,
            1024,
            1024
        ],
        [
            121,
            1024,
            1024
        ],
        [
            128,
            1024,
            1024
        ],
        [
            126,
            1024,
            1024
        ],
        [
            119,
            1024,
            1024
        ],
        [
            121,
            1024,
            1024
        ],
        [
            112,
            1024,
            1024
        ],
        [
            116,
            1024,
            1024
        ],
        [
            112,
            1024,
            1024
        ],
        [
            125,
            1024,
            1024
        ],
        [
            116,
            1024,
            1024
        ],
        [
            127,
            1024,
            1024
        ],
        [
            118,
            1024,
            1024
        ],
        [
            125,
            1024,
            1024
        ],
        [
            136,
            1024,
            1024
        ],
        [
            127,
            1024,
            1024
        ],
        [
            125,
            1024,
            1024
        ],
        [
            137,
            1024,
            1024
        ],
        [
            132,
            1024,
            1024
        ],
        [
            119,
            1024,
            1024
        ],
        [
            124,
            1024,
            1024
        ],
        [
            132,
            1024,
            1024
        ],
        [
            132,
            1024,
            1024
        ],
        [
            154,
            1024,
            1024
        ],
        [
            114,
            1024,
            1024
        ],
        [
            123,
            1024,
            1024
        ],
        [
            127,
            1024,
            1024
        ],
        [
            123,
            1024,
            1024
        ],
        [
            136,
            1024,
            1024
        ],
        [
            124,
            1024,
            1024
        ],
        [
            131,
            1024,
            1024
        ],
        [
            124,
            1024,
            1024
        ],
        [
            197,
            512,
            512
        ],
        [
            121,
            512,
            512
        ],
        [
            126,
            1024,
            1024
        ],
        [
            137,
            1024,
            1024
        ],
        [
            127,
            1024,
            1024
        ],
        [
            167,
            512,
            512
        ],
        [
            119,
            1024,
            1024
        ],
        [
            114,
            1024,
            1024
        ],
        [
            127,
            1024,
            1024
        ],
        [
            122,
            1024,
            1024
        ],
        [
            132,
            1024,
            1024
        ],
        [
            126,
            1024,
            1024
        ],
        [
            126,
            1024,
            1024
        ],
        [
            138,
            1024,
            1024
        ],
        [
            133,
            1024,
            1024
        ],
        [
            137,
            1024,
            1024
        ],
        [
            118,
            1024,
            1024
        ],
        [
            127,
            1024,
            1024
        ],
        [
            133,
            1024,
            1024
        ],
        [
            119,
            1024,
            1024
        ]
    ],