{
    "foreground_intensity_properties_per_channel": {
        "0": {
            "max": 3071.0,
            "mean": 79.3347396850586,
            "median": 93.0,
            "min": -1024.0,
            "percentile_00_5": -958.0,
            "percentile_99_5": 469.0,
            "std": 138.41668701171875
        }
    },
    "median_relative_size_after_cropping": 1.0,
    "shapes_after_crop": [
        [
            147,
            512,
            512
        ],
        [
            139,
            512,
            512
        ],
        [
            140,
            512,
            512
        ],
        [
            117,
            512,
            512
        ],
        [
            131,
            512,
            512
        ],
        [
            163,
            512,
            512
        ],
        [
            148,
            512,
            512
        ],
        [
            143,
            512,
            512
        ],
        [
            89,
            512,
            512
        ],
        [
            96,
            512,
            512
        ],
        [
            124,
            512,
            512
        ],
        [
            85,
            512,
            512
        ],
        [
            131,
            512,
            512
        ],
        [
            88,
            512,
            512
        ],
        [
            89,
            512,
            512
        ],
        [
            153,
            512,
            512
        ],
        [
            93,
            512,
            512
        ],
        [
            144,
            512,
            512
        ],
        [
            104,
            512,
            512
        ],
        [
            94,
            512,
            512
        ],
        [
            184,
            512,
            512
        ],
        [
            99,
            512,
            512
        ],
        [
            100,
            512,
            512
        ],
        [
            90,
            512,
            512
        ]
    ],
    "spacings": [
        [
            3.0,
            0.66796875,
            0.66796875
        ],
        [
            3.0,
            0.720703125,
            0.720703125
        ],
        [
            3.0,
            0.59375,
            0.59375
        ],
        [
            3.0,
            0.90625,
            0.90625
        ],
        [
            3.0,
            0.701171875,
            0.701171875
        ],
        [
            3.0,
            0.748046875,
            0.748046875
        ],
        [
            3.0,
            0.78125,
            0.78125
        ],
        [
            3.0,
            0.68359375,
            0.68359375
        ],
        [
            5.0,
            0.7675780057907104,
            0.7675780057907104
        ],
        [
            5.0,
            0.70703125,
            0.70703125
        ],
        [
            3.0,
            0.685546875,
            0.685546875
        ],
        [
            5.0,
            0.83203125,
            0.83203125
        ],
        [
            5.0,
            0.7792969942092896,
            0.7792969942092896
        ],
        [
            5.0,
            0.7753909826278687,
            0.7753909826278687
        ],
        [
            5.0,
            0.796875,
            0.796875
        ],
        [
            3.0,
            0.7421875,
            0.7421875
        ],
        [
            3.0,
            0.837890625,
            0.837890625
        ],
        [
            3.0,
            0.740234375,
            0.740234375
        ],
        [
            5.0,
            0.8144530057907104,
            0.8144530057907104
        ],
        [
            5.0,
            0.9199219942092896,
            0.9199219942092896
        ],
        [
            3.0,
            0.74609375,
            0.74609375
        ],
        [
            5.0,
            0.703125,
            0.703125
        ],
        [
            5.0,
            0.9765620231628418,
            0.9765620231628418
        ],
        [
            5.0,
            0.9760000109672546,
            0.9760000109672546
        ]
    ]
}