{
    "foreground_intensity_properties_per_channel": {
        "0": {
            "max": 1754.7691650390625,
            "mean": 429.2259216308594,
            "median": 417.1741027832031,
            "min": 0.0,
            "percentile_00_5": 34.93431091308594,
            "percentile_99_5": 1144.140625,
            "std": 218.15003967285156
        }
    },
    "median_relative_size_after_cropping": 0.5272727272727272,
    "shapes_after_crop": [
        [
            960,
            540,
            15
        ],
        [
            880,
            464,
            12
        ],
        [
            1008,
            500,
            12
        ],
        [
            880,
            464,
            12
        ],
        [
            880,
            464,
            12
        ],
        [
            880,
            464,
            15
        ],
        [
            880,
            464,
            12
        ],
        [
            880,
            464,
            12
        ],
        [
            880,
            464,
            12
        ],
        [
            880,
            464,
            12
        ],
        [
            880,
            464,
            15
        ],
        [
            880,
            464,
            12
        ],
        [
            880,
            464,
            12
        ],
        [
            880,
            464,
            12
        ],
        [
            880,
            464,
            15
        ],
        [
            880,
            464,
            12
        ],
        [
            880,
            464,
            12
        ],
        [
            1008,
            500,
            12
        ],
        [
            880,
            464,
            12
        ],
        [
            880,
            464,
            12
        ],
        [
            880,
            464,
            12
        ],
        [
            880,
            464,
            12
        ],
        [
            880,
            464,
            12
        ],
        [
            960,
            480,
            15
        ],
        [
            880,
            464,
            12
        ],
        [
            880,
            464,
            12
        ],
        [
            880,
            464,
            12
        ],
        [
            880,
            464,
            12
        ],
        [
            880,
            464,
            12
        ],
        [
            880,
            451,
            12
        ],
        [
            960,
            576,
            12
        ],
        [
            880,
            464,
            12
        ],
        [
            880,
            464,
            15
        ],
        [
            880,
            464,
            12
        ],
        [
            880,
            464,
            15
        ],
        [
            880,
            464,
            12
        ],
        [
            880,
            464,
            12
        ],
        [
            880,
            464,
            12
        ],
        [
            880,
            464,
            12
        ],
        [
            880,
            464,
            12
        ],
        [
            880,
            464,
            12
        ],
        [
            880,
            464,
            12
        ],
        [
            880,
            464,
            15
        ],
        [
            880,
            464,
            12
        ],
        [
            880,
            464,
            12
        ],
        [
            880,
            464,
            12
        ],
        [
            880,
            464,
            12
        ],
        [
            880,
            464,
            15
        ],
        [
            880,
            464,
            12
        ],
        [
            880,
            464,
            12
        ],
        [
            880,
            464,
            12
        ],
        [
            880,
            464,
            15
        ],
        [
            880,
            464,
            12
        ],
        [
            880,
            464,
            12
        ],
        [
            880,
            464,
            12
        ],
        [
            880,
            464,
            15
        ],
        [
            880,
            464,
            12
        ],
        [
            880,
            464,
            12
        ],
        [
            880,
            464,
            12
        ],
        [
            880,
            464,
            12
        ],
        [
            880,
            464,
            12
        ],
        [
            880,
            464,
            12
        ],
        [
            880,
            464,
            12
        ],
        [
            880,
            464,
            12
        ],
        [
            864,
            496,
            12
        ],
        [
            880,
            464,
            12
        ],
        [
            880,
            464,
            12
        ],
        [
            880,
            464,
            15
        ],
        [
            880,
            464,
            15
        ],
        [
            880,
            464,
            15
        ],
        [
            880,
            464,
            12
        ],
        [
            880,
            464,
            12
        ],
        [
            880,
            464,
            12
        ]
    ],