{
    "foreground_intensity_properties_per_channel": {
        "0": {
            "max": 3094.000244140625,
            "mean": 254.12063598632812,
            "median": 264.0,
            "min": -1048.0450439453125,
            "percentile_00_5": -863.0147094726562,
            "percentile_99_5": 580.007080078125,
            "std": 204.72015380859375
        }
    },
    "median_relative_size_after_cropping": 1.0,
    "shapes_after_crop": [
        [
            251,
            666,
            512
        ],
        [
            192,
            666,
            512
        ],
        [
            144,
            666,
            512
        ],
        [
            136,
            666,
            512
        ],
        [
            140,
            666,
            512
        ],
        [
            132,
            512,
            512
        ],
        [
            132,
            666,
            512
        ],
        [
            129,
            666,
            512
        ],
        [
            123,
            666,
            512
        ],
        [
            186,
            666,
            512
        ],
        [
            175,
            666,
            512
        ],
        [
            180,
            666,
            512
        ],
        [
            176,
            666,
            512
        ],
        [
            159,
            666,
            512
        ],
        [
            156,
            666,
            512
        ],
        [
            158,
            666,
            512
        ],
        [
            149,
            666,
            512
        ],
        [
            146,
            512,
            512
        ],
        [
            143,
            512,
            512
        ],
        [
            145,
            512,
            512
        ],
        [
            142,
            512,
            512
        ],
        [
            131,
            512,
            512
        ],
        [
            131,
            512,
            512
        ],
        [
            124,
            512,
            512
        ],
        [
            135,
            512,
            512
        ],
        [
            620,
            512,
            512
        ],
        [
            94,
            512,
            512
        ],
        [
            345,
            512,
            512
        ],
        [
            302,
            512,
            512
        ],
        [
            269,
            512,
            512
        ],
        [
            262,
            512,
            512
        ],
        [
            227,
            512,
            512
        ],
        [
            146,
            512,
            512
        ],
        [
            1064,
            512,
            512
        ],
        [
            672,
            512,
            512
        ],
        [
            675,
            512,
            512
        ],
        [
            635,
            512,
            512
        ],
        [
            358,
            512,
            512
        ],
        [
            295,
            512,
            512
        ],
        [
            1126,
            512,
            512
        ],
        [
            1140,
            512,
            512
        ],
        [
            1064,
            512,
            512
        ],
        [
            1140,
            512,
            512
        ],
        [
            1087,
            512,
            512
        ],
        [
            1008,
            512,
            512
        ]
    ],
    "spacings": [
        [
            2.9999992847442627,
            0.7109375,
            0.7109375
        ],
        [
            3.0104706287384033,
            0.73046875,
            0.73046875
        ],
        [
            2.9930055141448975,
            0.580078125,
            0.580078125
        ],
        [
            2.9925925731658936,
            0.68359375,
            0.68359375
        ],
        [
            2.9928054809570312,
            0.656000018119812,
            0.656000018119812
        ],
        [
            2.9999985694885254,
            0.615234375,
            0.615234375
        ],
        [
            3.0304183959960938,
            0.626953125,
            0.626953125
        ],
        [
            2.9921867847442627,
            0.68359375,
            0.68359375
        ],
        [
            2.983604907989502,
            0.5546875,
            0.5546875
        ],
        [
            2.495945930480957,
            0.68359375,
            0.68359375
        ],
        [
            2.9942526817321777,
            0.628000020980835,
            0.628000020980835
        ],
        [
            2.988825798034668,
            0.751953125,
            0.751953125
        ],
        [
            2.4999988079071045,
            0.666015625,
            0.666015625
        ],
        [
            3.0,
            0.732421875,
            0.732421875
        ],
        [
            3.0129024982452393,
            0.541015625,
            0.541015625
        ],
        [
            2.9936299324035645,
            0.65234375,
            0.65234375
        ],
        [
            2.986485242843628,
            0.57421875,
            0.57421875
        ],
        [
            5.0,
            0.7421875,
            0.7421875
        ],
        [
            5.0,
            0.734375,
            0.734375
        ],
        [
            5.0,
            0.859375,
            0.859375
        ],
        [
            5.0,
            0.85546875,
            0.85546875
        ],
        [
            5.0,
            0.75390625,
            0.75390625
        ],
        [
            5.0,
            0.759765625,
            0.759765625
        ],
        [
            5.0,
            0.64453125,
            0.64453125
        ],
        [
            5.0,
            0.75,
            0.75
        ],
        [
            1.0,
            0.63671875,
            0.63671875
        ],
        [
            5.0,
            0.55078125,
            0.55078125
        ],
        [
            2.0,
            0.9765625,
            0.9765625
        ],
        [
            2.5,
            0.875,
            0.875
        ],
        [
            2.5,
            0.732421875,
            0.732421875
        ],
        [
            2.5,
            0.703125,
            0.703125
        ],
        [
            3.0,
            0.81640625,
            0.81640625
        ],
        [
            5.0,
            0.83984375,
            0.83984375
        ],
        [
            0.625,
            0.6875,
            0.6875
        ],
        [
            1.0,
            0.8378909826278687,
            0.8378909826278687
        ],
        [
            1.0,
            0.703125,
            0.703125
        ],
        [
            1.0,
            0.7480469942092896,
            0.7480469942092896
        ],
        [
            2.5,
            1.3671879768371582,
            1.3671879768371582
        ],
        [
            2.5,
            1.0332030057907104,
            1.0332030057907104
        ],
        [
            0.625,
            0.8808590173721313,
            0.8808590173721313
        ],
        [
            0.625,
            0.8964840173721313,
            0.8964840173721313
        ],
        [
            0.625,
            0.7246090173721313,
            0.7246090173721313
        ],
        [
            0.625,
            0.9375,
            0.9375
        ],
        [
            0.625,
            0.703125,
            0.703125
        ],
        [
            0.625,
            0.7441409826278687,
            0.7441409826278687
        ]
    ]
}