{
    "foreground_intensity_properties_per_channel": {
        "0": {
            "max": 32767.0,
            "mean": 2444.027099609375,
            "median": 1291.658935546875,
            "min": 0.0,
            "percentile_00_5": 0.0,
            "percentile_99_5": 29480.875,
            "std": 5129.80078125
        }
    },
    "median_relative_size_after_cropping": 0.6477254231770833,
    "shapes_after_crop": [
        [
            103,
            125,
            98
        ],
        [
            115,
            144,
            119
        ],
        [
            102,
            141,
            106
        ],
        [
            105,
            125,
            96
        ],
        [
            101,
            132,
            100
        ],
        [
            105,
            133,
            113
        ],
        [
            96,
            115,
            104
        ],
        [
            108,
            140,
            100
        ],
        [
            110,
            136,
            110
        ],
        [
            115,
            143,
            112
        ],
        [
            105,
            140,
            109
        ],
        [
            106,
            140,
            108
        ],
        [
            106,
            142,
            100
        ],
        [
            107,
            144,
            111
        ],
        [
            110,
            143,
            108
        ],
        [
            112,
            142,
            108
        ],
        [
            102,
            130,
            102
        ],
        [
            103,
            136,
            102
        ],
        [
            103,
            141,
            105
        ],
        [
            109,
            144,
            111
        ],
        [
            113,
            137,
            101
        ],
        [
            110,
            140,
            107
        ],
        [
            111,
            141,
            111
        ],
        [
            102,
            135,
            110
        ],
        [
            104,
            136,
            108
        ],
        [
            108,
            126,
            117
        ],
        [
            103,
            130,
            100
        ],
        [
            110,
            144,
            111
        ],
        [
            100,
            144,
            109
        ],
        [
            116,
            144,
            112
        ],
        [
            99,
            122,
            114
        ],
        [
            101,
            122,
            106
        ],
        [
            115,
            144,
            112
        ],
        [
            108,
            135,
            99
        ],
        [
            110,
            144,
            106
        ],
        [
            102,
            133,
            102
        ],
        [
            102,
            129,
            112
        ],
        [
            105,
            130,
            112
        ],
        [
            100,
            130,
            108
        ],
        [
            108,
            144,
            102
        ],
        [
            105,
            127,
            103
        ],
        [
            107,
            132,
            112
        ],
        [
            116,
            144,
            111
        ],
        [
            100,
            137,
            104
        ],
        [
            108,
            138,
            101
        ],
        [
            102,
            134,
            106
        ],
        [
            108,
            144,
            111
        ],
        [
            105,
            132,
            98
        ]
    ],
    "spacings": [
        [
            1.2615234851837158,
            1.256696343421936,
            1.2554224729537964
        ],
        [
            1.251396656036377,
            1.2516067028045654,
            1.250584602355957
        ],
        [
            1.262496829032898,
            1.262496829032898,
            1.25
        ],
        [
            1.2589290142059326,
            1.2580679655075073,
            1.2521800994873047
        ],
        [
            1.2631293535232544,
            1.2630679607391357,
            1.2500611543655396
        ],
        [
            1.2968640327453613,
            1.2956781387329102,
            1.2516151666641235
        ],
        [
            1.3049687147140503,
            1.30577552318573,
            1.2510114908218384
        ],
        [
            1.2635215520858765,
            1.2646033763885498,
            1.25124192237854
        ],
        [
            1.2515685558319092,
            1.2516511678695679,
            1.250581979751587
        ],
        [
            1.2505310773849487,
            1.2504982948303223,
            1.2505972385406494
        ],
        [
            1.251001238822937,
            1.2513681650161743,
            1.2505106925964355
        ],
        [
            1.2525649070739746,
            1.252488136291504,
            1.2503068447113037
        ],
        [
            1.2550209760665894,
            1.2556051015853882,
            1.2509181499481201
        ],
        [
            1.2545193433761597,
            1.254550576210022,
            1.250123143196106
        ],
        [
            1.2507476806640625,
            1.2505491971969604,
            1.2507460117340088
        ],
        [
            1.2500190734863281,
            1.2500190734863281,
            1.25
        ],
        [
            1.25,
            1.25,
            1.25
        ],
        [
            1.2626398801803589,
            1.2569632530212402,
            1.2563492059707642
        ],
        [
            1.25,
            1.25,
            1.25
        ],
        [
            1.2521189451217651,
            1.254377007484436,
            1.252337098121643
        ],
        [
            1.2533138990402222,
            1.2513874769210815,
            1.2522215843200684
        ],
        [
            1.25,
            1.25,
            1.25
        ],
        [
            1.2517906427383423,
            1.252123475074768,
            1.250400185585022
        ],
        [
            1.253073811531067,
            1.2502342462539673,
            1.2533035278320312
        ],
        [
            1.2516145706176758,
            1.2506829500198364,
            1.2522869110107422
        ],
        [
            1.2519481182098389,
            1.2504898309707642,
            1.252149224281311
        ],
        [
            1.2504680156707764,
            1.250233769416809,
            1.2507003545761108
        ],
        [
            1.2520509958267212,
            1.2502342462539673,
            1.2522809505462646
        ],
        [
            1.2514498233795166,
            1.2502336502075195,
            1.2516798973083496
        ],
        [
            1.2507691383361816,
            1.250233769416809,
            1.2509995698928833
        ],
        [
            1.296984076499939,
            1.2953344583511353,
            1.2522825002670288
        ],
        [
            1.2561208009719849,
            1.2502341270446777,
            1.256350040435791
        ],
        [
            1.257851004600525,
            1.252078890800476,
            1.2563490867614746
        ],
        [
            1.2524443864822388,
            1.2513397932052612,
            1.25141441822052
        ],
        [
            1.2534798383712769,
            1.2520815134048462,
            1.251674771308899
        ],
        [
            1.2634955644607544,
            1.2622374296188354,
            1.2513219118118286
        ],
        [
            1.2856521606445312,
            1.2881497144699097,
            1.2566522359848022
        ],
        [
            1.2589298486709595,
