{
    "foreground_intensity_properties_per_channel": {
        "0": {
            "max": 3075.0,
            "mean": 736.7415161132812,
            "median": 730.0,
            "min": 0.0,
            "percentile_00_5": 133.0,
            "percentile_99_5": 1550.0,
            "std": 308.86480712890625
        }
    },
    "median_relative_size_after_cropping": 0.944546568627451,
    "shapes_after_crop": [
        [
            511,
            160,
            511
        ],
        [
            511,
            128,
            511
        ],
        [
            288,
            255,
            159
        ],
        [
            288,
            265,
            120
        ],
        [
            288,
            261,
            130
        ],
        [
            288,
            273,
            180
        ],
        [
            288,
            283,
            130
        ],
        [
            511,
            120,
            511
        ],
        [
            288,
            269,
            160
        ],
        [
            511,
            128,
            511
        ],
        [
            511,
            112,
            511
        ],
        [
            340,
            320,
            200
        ],
        [
            288,
            255,
            130
        ],
        [
            288,
            265,
            140
        ],
        [
            288,
            269,
            150
        ],
        [
            288,
            273,
            135
        ]
    ],
    "spacings": [
        [
            0.78125,
            1.600000023841858,
            0.78125
        ],
        [
            0.78125,
            1.600000023841858,
            0.78125
        ],
        [
            1.0,
            1.0,
            1.0499999523162842
        ],
        [
            0.9722222089767456,
            0.9722222089767456,
            1.0499999523162842
        ],
        [
            1.0,
            1.0,
            1.0499999523162842
        ],
        [
            1.0,
            1.0,
            1.0499999523162842
        ],
        [
            1.0,
            1.0,
            1.0499999523162842
        ],
        [
            0.78125,
            1.600000023841858,
            0.78125
        ],
        [
            0.9722222089767456,
            0.9722222089767456,
            1.0499999523162842
        ],
        [
            0.78125,
            1.600000023841858,
            0.78125
        ],
        [
            0.78125,
            1.600000023841858,
            0.78125
        ],
        [
            1.0,
            1.0,
            1.0
        ],
        [
            0.9722222089767456,
            0.9722222089767456,
            1.0499999523162842
        ],
        [
            0.9722222089767456,
            0.9722222089767456,
            1.0499999523162842
        ],
        [
            0.9722222089767456,
            0.9722222089767456,
            1.0499999523162842
        ],
        [
            0.9722222089767456,
            0.9722222089767456,
            1.0499999523162842
        ]
    ]
}