{
    "foreground_intensity_properties_per_channel": {
        "0": {
            "max": 3284530.75,
            "mean": 36986.39453125,
            "median": 425.0,
            "min": 0.0,
            "percentile_00_5": 20.0,
            "percentile_99_5": 1583064.875,
            "std": 218585.203125
        }
    },
    "median_relative_size_after_cropping": 0.9892067307692308,
    "shapes_after_crop": [
        [
            72,
            289,
            319
        ],
        [
            319,
            80,
            259
        ],
        [
            319,
            104,
            259
        ],
        [
            319,
            112,
            259
        ],
        [
            115,
            352,
            400
        ],
        [
            400,
            120,
            352
        ],
        [
            72,
            257,
            319
        ],
        [
            64,
            288,
            319
        ],
        [
            72,
            255,
            319
        ],
        [
            64,
            258,
            319
        ],
        [
            100,
            152,
            192
        ],
        [
            72,
            289,
            319
        ],
        [
            72,
            258,
            318
        ],
        [
            72,
            466,
            574
        ],
        [
            432,
            168,
            512
        ],
        [
            72,
            230,
            286
        ],
        [
            449,
            152,
            510
        ],
        [
            472,
            168,
            512
        ],
        [
            72,
            258,
            318
        ],
        [
            72,
            256,
            319
        ],
        [
            456,
            168,
            512
        ],
        [
            319,
            60,
            319
        ],
        [
            319,
            60,
            319
        ],
        [
            319,
            60,
            319
        ],
        [
            72,
            230,
            286
        ],
        [
            72,
            258,
            319
        ],
        [
            319,
            144,
            259
        ],
        [
            72,
            259,
            319
        ],
        [
            496,
            168,
            512
        ],
        [
            319,
            60,
            319
        ],
        [
            497,
            168,
            510
        ],
        [
            72,
            258,
            319
        ],
        [
            472,
            168,
            510
        ],
        [
            72,
            466,
            575
        ],
        [
            488,
            168,
            512
        ],
        [
            72,
            258,
            319
        ],
        [
            432,
            168,
            508
        ],
        [
            319,
            60,
            319
        ],
        [
            72,
            258,
            319
        ],
        [
            72,
            258,
            319
        ]
    ],
    "spacings": [
        [
            2.5,
            1.1875,
            1.1875
        ],
        [
            1.40625,
            1.5,
            1.40625
        ],
        [
            1.40625,
            1.5,
            1.40625
        ],
        [
            1.40625,
            1.5,
            1.40625
        ],
        [
            2.0,
            1.0,
            1.0
        ],
        [
            1.0,
            2.0,
            1.0
        ],
        [
            3.0,
            1.375,
            1.375
        ],
        [
            3.0,
            1.1875,
            1.1875
        ],
        [
            3.0,
            1.3125,
            1.3125
        ],
        [
            3.0,
            1.3125,
            1.3125
        ],
        [
            2.0,
            1.953125,
            1.953125
        ],
        [
            3.0,
            1.1875,
            1.1875
        ],
        [
            3.0,
            1.1875,
            1.1875
        ],
        [
            3.0,
            0.6944444179534912,
            0.6944444179534912
        ],
        [
            0.8202999830245972,
            1.100000023841858,
            0.8202999830245972
        ],
        [
            3.0,
            1.3888888359069824,
            1.3888888359069824
        ],
        [
            0.8202999830245972,
            1.100000023841858,
            0.8202999830245972
        ],
        [
            0.8202999830245972,
            1.100000023841858,
            0.8202999830245972
        ],
        [
            3.0,
            1.1875,
            1.1875
        ],
        [
            3.0,
            1.25,
            1.25
        ],
        [
            0.8202999830245972,
            1.100000023841858,
            0.8202999830245972
        ],
        [
            1.1875,
            3.0,
            1.1875
        ],
        [
            1.1875,
            3.0,
            1.1875
        ],
        [
            1.1875,
            3.0,
            1.1875
        ],
        [
            3.0,
            1.3888888359069824,
            1.3888888359069824
        ],
        [
            3.0,
            1.1875,
            1.1875
        ],
        [
            1.4062999486923218,
            1.5,
            1.4062999486923218
        ],
        [
            3.0,
            1.1875,
            1.1875
        ],
        [
            0.8202999830245972,
            1.100000023841858,
            0.8202999830245972
        ],
        [
            1.1875,
            3.0,
            1.1875
        ],
        [
            0.8202999830245972,
            1.100000023841858,
            0.8202999830245972
        ],
        [
            3.0,
            1.1875,
            1.1875
        ],
        [
            0.8202999830245972,
            1.100000023841858,
            0.8202999830245972
        ],
        [
            3.0,
            0.6944444179534912,
            0.6944444179534912
        ],
        [
            0.8202999830245972,
            1.100000023841858,
            0.8202999830245972
        ],
        [
            3.0,
            1.1875,
            1.1875
        ],
        [
            0.8202999830245972,
            1.100000023841858,
            0.8202999830245972
        ],
        [
            1.1875,
            3.0,
            1.1875
        ],
        [
            3.0,
            1.1875,
            1.1875
        ],
        [
            3.0,
            1.1875,
            1.1875
        ]
    ]
}