{
    "foreground_intensity_properties_per_channel": {
        "0": {
            "max": 2240.0,
            "mean": 913.384033203125,
            "median": 1005.0,
            "min": 0.0,
            "percentile_00_5": 44.0,
            "percentile_99_5": 1643.0,
            "std": 397.7409362792969
        }
    },
    "median_relative_size_after_cropping": 0.998046875,
    "shapes_after_crop": [
        [
            120,
            512,
            511
        ],
        [
            120,
            512,
            511
        ],
        [
            120,
            512,
            511
        ],
        [
            120,
            512,
            511
        ],
        [
            120,
            512,
            511
        ],
        [
            120,
            512,
            511
        ],
        [
            120,
            512,
            511
        ],
        [
            120,
            512,
            511
        ],
        [
            120,
            512,
            511
        ],
        [
            120,
            512,
            511
        ],
        [
            120,
            512,
            511
        ],
        [
            120,
            512,
            511
        ],
        [
            120,
            512,
            511
        ],
        [
            120,
            511,
            511
        ],
        [
            120,
            512,
            511
        ],
        [
            120,
            512,
            511
        ],
        [
            120,
            512,
            511
        ],
        [
            120,
            512,
            511
        ],
        [
            120,
            512,
            511
        ],
        [
            120,
            512,
            511
        ],
        [
            120,
            512,
            511
        ],
        [
            120,
            512,
            511
        ],
        [
            160,
            512,
            511
        ],
        [
            120,
            512,
            511
        ],
        [
            120,
            512,
            511
        ],
        [
            120,
            512,
            511
        ],
        [
            120,
            512,
            511
        ],
        [
            120,
            512,
            511
        ],
        [
            120,
            512,
            511
        ],
        [
            120,
            512,
            511
        ],
        [
            120,
            512,
            511
        ],
        [
            160,
            512,
            511
        ],
        [
            120,
            512,
            511
        ],
        [
            120,
            512,
            511
        ],
        [
            120,
            512,
            511
        ],
        [
            120,
            512,
            511
        ],
        [
            120,
            512,
            511
        ],
        [
            120,
            512,
            511
        ],
        [
            120,
            512,
            511
        ],
        [
            120,
            512,
            511
        ],
        [
            160,
            512,
            511
        ],
        [
            120,
            512,
            511
        ],
        [
            120,
            512,
            511
        ],
        [
            120,
            512,
            511
        ],
        [
            120,
            512,
            511
        ],
        [
            120,
            512,
            511
        ],
        [
            160,
            512,
            511
        ],
        [
            120,
            512,
            511
        ],
        [
            120,
            512,
            511
        ],
        [
            120,
            512,
            511
        ],
        [
            120,
            512,
            511
        ],
        [
            120,
            512,
            511
        ],
        [
            120,
            512,
            511
        ],
        [
            120,
            512,
            511
        ],
        [
            120,
            512,
            511
        ],
        [
            120,
            512,
            511
        ],
        [
            120,
            512,
            511
        ],
        [
            120,
            512,
            511
        ],
        [
            120,
            512,
            511
        ],
        [
            120,
            512,
            511
        ],
        [
            120,
            512,
            511
        ],
        [
            120,
            512,
            511
        ],
        [
            120,
            512,
            511
        ],
        [
            120,
            512,
            511
        ],
        [
            120,
            511,
            511
        ],
        [
            120,
            512,
            511
        ],
        [
            120,
            512,
            511
        ],
        [
            120,
            512,
            511
        ],
        [
            120,
            512,
            512
        ],
        [
            120,
            512,
            511
        ],
        [
            120,
            512,
            511
        ],
        [
            120,
            512,
            511
        ],
        [
            120,
            512,
            511
        ],
        [
            120,
            512,
            511
        ],
        [
            120,
            512,
            511
        ],
        [
            120,
            512,
            511
        ],
        [
            120,
            512,
            511
        ],
        [
            120,
            512,
            511
        ],
        [
            160,
            512,
            511
        ],
        [
            120,
            512,
            511
        ],
        [
            120,
            512,
            511
        ],
        [
            120,
            512,
            511
        ],
        [
            120,
            512,
            511
        ],
        [
            120,
            512,
            511
        ]
    ],