{
    "foreground_intensity_properties_per_channel": {
        "0": {
            "max": 1312.0,
            "mean": 261.06488037109375,
            "median": 217.0,
            "min": -1024.0,
            "percentile_00_5": -11.0,
            "percentile_99_5": 621.0,
            "std": 154.5301971435547
        }
    },
    "median_relative_size_after_cropping": 1.0,
    "shapes_after_crop": [
        [
            239,
            512,
            512
        ],
        [
            298,
            512,
            512
        ],
        [
            200,
            512,
            512
        ],
        [
            177,
            512,
            512
        ],
        [
            248,
            512,
            512
        ],
        [
            243,
            512,
            512
        ],
        [
            222,
            512,
            512
        ],
        [
            274,
            512,
            512
        ],
        [
            239,
            512,
            512
        ],
        [
            177,
            512,
            512
        ],
        [
            358,
            512,
            512
        ],
        [
            300,
            512,
            512
        ],
        [
            333,
            512,
            512
        ],
        [
            283,
            512,
            512
        ],
        [
            187,
            512,
            512
        ],
        [
            297,
            512,
            512
        ]
    ],
    "spacings": [
        [
            0.625,
            0.4882810115814209,
            0.4882810115814209
        ],
        [
            0.44999998807907104,
            0.302734375,
            0.302734375
        ],
        [
            0.625,
            0.3203119933605194,
            0.3203119933605194
        ],
        [
            0.625,
            0.4882810115814209,
            0.4882810115814209
        ],
        [
            0.625,
            0.4882810115814209,
            0.4882810115814209
        ],
        [
            0.625,
            0.43554699420928955,
            0.43554699420928955
        ],
        [
            0.625,
            0.4375,
            0.4375
        ],
        [
            0.625,
            0.5058590173721313,
            0.5058590173721313
        ],
        [
            0.625,
            0.38867199420928955,
            0.38867199420928955
        ],
        [
            0.625,
            0.4882810115814209,
            0.4882810115814209
        ],
        [
            0.44999998807907104,
            0.28125,
            0.28125
        ],
        [
            0.625,
            0.5644530057907104,
            0.5644530057907104
        ],
        [
            0.44999998807907104,
            0.306640625,
            0.306640625
        ],
        [
            0.625,
            0.5859379768371582,
            0.5859379768371582
        ],
        [
            0.625,
            0.36523398756980896,
            0.36523398756980896
        ],
        [
            0.625,
            0.4882810115814209,
            0.4882810115814209
        ]
    ]
}