{
    "foreground_intensity_properties_per_channel": {
        "0": {
            "max": 372.0,
            "mean": 88.00074768066406,
            "median": 87.0,
            "min": 0.0,
            "percentile_00_5": 18.0,
            "percentile_99_5": 159.0,
            "std": 29.28172492980957
        }
    },
    "median_relative_size_after_cropping": 0.9627327042412431,
    "shapes_after_crop": [
        [
            157,
            198,
            172
        ],
        [
            162,
            198,
            170
        ],
        [
            160,
            198,
            180
        ],
        [
            165,
            198,
            192
        ],
        [
            165,
            198,
            183
        ],
        [
            166,
            198,
            175
        ],
        [
            155,
            198,
            165
        ],
        [
            158,
            198,
            171
        ],
        [
            170,
            198,
            188
        ],
        [
            165,
            198,
            168
        ],
        [
            153,
            198,
            174
        ],
        [
            152,
            198,
            169
        ],
        [
            165,
            199,
            185
        ],
        [
            155,
            198,
            169
        ],
        [
            159,
            198,
            170
        ],
        [
            167,
            198,
            182
        ],
        [
            170,
            199,
            184
        ],
        [
            155,
            198,
            180
        ],
        [
            158,
            198,
            172
        ],
        [
            151,
            198,
            182
        ],
        [
            163,
            198,
            186
        ],
        [
            160,
            198,
            169
        ],
        [
            159,
            198,
            182
        ],
        [
            164,
            198,
            178
        ]
    ],
    "spacings": [
        [
            0.9369999766349792,
            0.9369999766349792,
            0.9369999766349792
        ],
        [
            0.9369999766349792,
            0.9369999766349792,
            0.9369999766349792
        ],
        [
            0.9369999766349792,
            0.9369999766349792,
            0.9369999766349792
        ],
        [
            0.9369999766349792,
            0.9369999766349792,
            0.9369999766349792
        ],
        [
            0.9369999766349792,
            0.9369999766349792,
            0.9369999766349792
        ],
        [
            0.9369999766349792,
            0.9369999766349792,
            0.9369999766349792
        ],
        [
            0.9369999766349792,
            0.9369999766349792,
            0.9369999766349792
        ],
        [
            0.9369999766349792,
            0.9369999766349792,
            0.9369999766349792
        ],
        [
            0.9369999766349792,
            0.9369999766349792,
            0.9369999766349792
        ],
        [
            0.9359999895095825,
            0.9359999895095825,
            0.9359999895095825
        ],
        [
            0.9369999766349792,
            0.9369999766349792,
            0.9369999766349792
        ],
        [
            0.9369999766349792,
            0.9369999766349792,
            0.9369999766349792
        ],
        [
            0.9359999895095825,
            0.9359999895095825,
            0.9359999895095825
        ],
        [
            0.9369999766349792,
            0.9369999766349792,
            0.9369999766349792
        ],
        [
            0.9359999895095825,
            0.9359999895095825,
            0.9359999895095825
        ],
        [
            0.9369999766349792,
            0.9369999766349792,
            0.9369999766349792
        ],
        [
            0.9350000023841858,
            0.9350000023841858,
            0.9350000023841858
        ],
        [
            0.9375,
            0.9375,
            0.9375
        ],
        [
            0.9375,
            0.9375,
            0.9375
        ],
        [
            0.9375,
            0.9375,
            0.9375
        ],
        [
            0.9375,
            0.9375,
            0.9375
        ],
        [
            0.9375,
            0.9375,
            0.9375
        ],
        [
            0.9375,
            0.9375,
            0.9375
        ],
        [
            0.9375,
            0.9375,
            0.9375
        ]
    ]
}