{
    "foreground_intensity_properties_per_channel": {
        "0": {
            "max": 1654.0,
            "mean": 141.60617065429688,
            "median": 145.99676513671875,
            "min": -457.0018310546875,
            "percentile_00_5": -79.9819564819336,
            "percentile_99_5": 394.99798583984375,
            "std": 83.6436538696289
        }
    },
    "median_relative_size_after_cropping": 1.0,
    "shapes_after_crop": [
        [
            216,
            138,
            138
        ],
        [
            182,
            130,
            130
        ],
        [
            231,
            145,
            145
        ],
        [
            202,
            142,
            142
        ],
        [
            179,
            161,
            161
        ],
        [
            230,
            169,
            169
        ],
        [
            192,
            133,
            133
        ],
        [
            205,
            155,
            155
        ],
        [
            212,
            162,
            162
        ],
        [
            175,
            167,
            167
        ],
        [
            198,
            171,
            171
        ],
        [
            155,
            116,
            116
        ],
        [
            217,
            173,
            173
        ],
        [
            198,
            159,
            159
        ],
        [
            180,
            142,
            142
        ],
        [
            198,
            156,
            156
        ],
        [
            231,
            150,
            150
        ],
        [
            186,
            160,
            160
        ],
        [
            192,
            153,
            153
        ],
        [
            184,
            152,
            152
        ],
        [
            205,
            160,
            160
        ],
        [
            198,
            171,
            171
        ],
        [
            231,
            169,
            169
        ],
        [
            220,
            175,
            175
        ],
        [
            170,
            156,
            156
        ],
        [
            190,
            144,
            144
        ],
        [
            183,
            130,
            130
        ],
        [
            207,
            179,
            179
        ],
        [
            181,
            151,
            151
        ],
        [
            210,
            132,
            132
        ],
        [
            193,
            146,
            146
        ],
        [
            187,
            158,
            158
        ],
        [
            178,
            125,
            125
        ],
        [
            175,
            142,
            142
        ],
        [
            209,
            165,
            165
        ],
        [
            201,
            143,
            143
        ],
        [
            201,
            153,
            153
        ],
        [
            194,
            152,
            152
        ],
        [
            228,
            189,
            189
        ],
        [
            216,
            135,
            135
        ],
        [
            226,
            150,
            150
        ],
        [
            199,
            132,
            132
        ],
        [
            177,
            144,
            144
        ],
        [
            203,
            139,
            139
        ],
        [
            176,
            170,
            170
        ],
        [
            206,
            181,
            181
        ],
        [
            147,
            134,
            134
        ],
        [
            280,
            179,
            179
        ],
        [
            185,
            147,
            147
        ],
        [
            231,
            148,
            148
        ],
        [
            164,
            146,
            146
        ],
        [
            207,
            170,
            170
        ],
        [
            191,
            141,
            141
        ],
        [
            209,
            161,
            161
        ],
        [
            204,
            176,
            176
        ],
        [
            170,
            144,
            144
        ]
    ],